datetime,close_spy,close_qqq
2015-01-02 06:00:00,205.43,102.94
2015-01-05 06:00:00,201.72,101.43
2015-01-06 06:00:00,199.82,100.07
2015-01-07 06:00:00,202.31,101.36
2015-01-08 06:00:00,205.9,103.3
2015-01-09 06:00:00,204.25,102.62
2015-01-12 06:00:00,202.65,101.55
2015-01-13 06:00:00,202.08,101.52
2015-01-14 06:00:00,200.86,100.96
2015-01-15 06:00:00,199.0199,99.65
2015-01-16 06:00:00,201.63,100.82
2015-01-20 06:00:00,202.055,101.62
2015-01-21 06:00:00,203.08,102.14
2015-01-22 06:00:00,206.1,104.03
2015-01-23 06:00:00,204.97,104.26
2015-01-26 06:00:00,205.45,104.14
2015-01-27 06:00:00,202.74,101.44
2015-01-28 06:00:00,200.14,100.92
2015-01-29 06:00:00,201.9902,101.89
2015-01-30 06:00:00,199.45,101.1
2015-02-02 06:00:00,201.92,101.98
2015-02-03 06:00:00,204.84,102.96
2015-02-04 06:00:00,204.06,102.87
2015-02-05 06:00:00,206.12,103.76
2015-02-06 06:00:00,205.55,103.13
2015-02-09 06:00:00,204.63,102.8
2015-02-10 06:00:00,206.81,104.4
2015-02-11 06:00:00,206.93,104.78
2015-02-12 06:00:00,208.92,106.0
2015-02-13 06:00:00,209.78,106.91
2015-02-17 06:00:00,210.11,107.01
2015-02-18 06:00:00,210.13,107.16
2015-02-19 06:00:00,209.98,107.69
2015-02-20 06:00:00,211.239,108.41
2015-02-23 06:00:00,211.209,108.52
2015-02-24 06:00:00,211.81,108.6
2015-02-25 06:00:00,211.63,108.33
2015-02-26 06:00:00,211.38,108.88
2015-02-27 06:00:00,210.66,108.4
2015-03-02 06:00:00,211.99,109.38
2015-03-03 06:00:00,211.12,108.87
2015-03-04 06:00:00,210.2301,108.45
2015-03-05 06:00:00,210.46,108.64
2015-03-06 06:00:00,207.5,107.41
2015-03-09 05:00:00,208.36,107.72
2015-03-10 05:00:00,204.98,105.72
2015-03-11 05:00:00,204.5,105.11
2015-03-12 05:00:00,207.1,105.8
2015-03-13 05:00:00,205.8272,105.34
2015-03-16 05:00:00,208.58,106.7
2015-03-17 05:00:00,207.96,106.87
2015-03-18 05:00:00,210.46,107.92
2015-03-19 05:00:00,209.5,108.08
2015-03-20 05:00:00,210.41,108.53
2015-03-23 05:00:00,210.0,108.32
2015-03-24 05:00:00,208.82,107.93
2015-03-25 05:00:00,205.76,105.46
2015-03-26 05:00:00,205.27,105.1
2015-03-27 05:00:00,205.74,105.52
2015-03-30 05:00:00,208.25,106.73
2015-03-31 05:00:00,206.43,105.6
2015-04-01 05:00:00,205.7,105.05
2015-04-02 05:00:00,206.435,105.12
2015-04-06 05:00:00,207.83,105.98
2015-04-07 05:00:00,207.28,105.8
2015-04-08 05:00:00,207.975,106.64
2015-04-09 05:00:00,208.9,107.31
2015-04-10 05:00:00,210.04,107.75
2015-04-13 05:00:00,209.09,107.48
2015-04-14 05:00:00,209.49,107.17
2015-04-15 05:00:00,210.43,107.84
2015-04-16 05:00:00,210.37,107.69
2015-04-17 05:00:00,207.95,106.01
2015-04-20 05:00:00,209.85,107.6
2015-04-21 05:00:00,209.6,108.06
2015-04-22 05:00:00,210.63,108.65
2015-04-23 05:00:00,211.16,109.06
2015-04-24 05:00:00,211.6499,110.54
2015-04-27 05:00:00,210.77,110.26
2015-04-28 05:00:00,211.44,110.04
2015-04-29 05:00:00,210.57,109.35
2015-04-30 05:00:00,208.46,107.63
2015-05-01 05:00:00,210.72,109.05
2015-05-04 05:00:00,211.32,109.23
2015-05-05 05:00:00,208.9,107.45
2015-05-06 05:00:00,208.04,106.71
2015-05-07 05:00:00,208.87,107.35
2015-05-08 05:00:00,211.62,108.69
2015-05-11 05:00:00,210.605,108.27
2015-05-12 05:00:00,209.98,107.78
2015-05-13 05:00:00,210.02,108.0
2015-05-14 05:00:00,212.21,109.58
2015-05-15 05:00:00,212.44,109.58
2015-05-18 05:00:00,213.1,110.06
2015-05-19 05:00:00,213.03,109.94
2015-05-20 05:00:00,212.88,110.01
2015-05-21 05:00:00,213.5,110.58
2015-05-22 05:00:00,212.99,110.47
2015-05-26 05:00:00,210.7,109.2
2015-05-27 05:00:00,212.7,110.96
2015-05-28 05:00:00,212.46,110.71
2015-05-29 05:00:00,211.14,110.05
2015-06-01 05:00:00,211.57,110.42
2015-06-02 05:00:00,211.36,110.07
2015-06-03 05:00:00,211.92,110.4
2015-06-04 05:00:00,210.1292,109.56
2015-06-05 05:00:00,209.77,109.3
2015-06-08 05:00:00,208.48,108.19
2015-06-09 05:00:00,208.45,108.01
2015-06-10 05:00:00,210.95,109.49
2015-06-11 05:00:00,211.63,109.65
2015-06-12 05:00:00,210.01,108.75
2015-06-15 05:00:00,209.11,108.21
2015-06-16 05:00:00,210.25,108.8
2015-06-17 05:00:00,210.59,109.1
2015-06-18 05:00:00,212.78,110.69
2015-06-19 05:00:00,210.81,109.89
2015-06-22 05:00:00,211.89,110.7
2015-06-23 05:00:00,212.04,110.79
2015-06-24 05:00:00,210.5,110.22
2015-06-25 05:00:00,209.86,110.0
2015-06-26 05:00:00,209.82,109.27
2015-06-29 05:00:00,205.42,106.69
2015-06-30 05:00:00,205.85,107.07
2015-07-01 05:00:00,207.5,107.92
2015-07-02 05:00:00,207.31,107.95
2015-07-06 05:00:00,206.72,107.7
2015-07-07 05:00:00,208.02,107.97
2015-07-08 05:00:00,204.53,106.09
2015-07-09 05:00:00,204.9,106.03
2015-07-10 05:00:00,207.48,107.65
2015-07-13 05:00:00,209.77,109.54
2015-07-14 05:00:00,210.68,110.26
2015-07-15 05:00:00,210.61,110.38
2015-07-16 05:00:00,212.3,111.94
2015-07-17 05:00:00,212.48,113.59
2015-07-20 05:00:00,212.59,113.98
2015-07-21 05:00:00,211.75,113.91
2015-07-22 05:00:00,211.37,112.62
2015-07-23 05:00:00,210.18,112.2
2015-07-24 05:00:00,208.0,111.1
2015-07-27 05:00:00,206.79,110.18
2015-07-28 05:00:00,209.33,111.13
2015-07-29 05:00:00,210.77,111.55
2015-07-30 05:00:00,210.82,112.08
2015-07-31 05:00:00,210.5,111.95
2015-08-03 05:00:00,209.79,111.6
2015-08-04 05:00:00,209.38,111.39
2015-08-05 05:00:00,210.07,112.25
2015-08-06 05:00:00,208.35,110.45
2015-08-07 05:00:00,207.95,110.31
2015-08-10 05:00:00,210.57,111.57
2015-08-11 05:00:00,208.67,110.14
2015-08-12 05:00:00,208.92,110.52
2015-08-13 05:00:00,208.66,110.34
2015-08-14 05:00:00,209.42,110.51
2015-08-17 05:00:00,210.59,111.43
2015-08-18 05:00:00,209.98,110.86
2015-08-19 05:00:00,208.32,110.13
2015-08-20 05:00:00,203.97,107.08
2015-08-21 05:00:00,197.63,102.4
2015-08-24 05:00:00,189.55,98.46
2015-08-25 05:00:00,187.27,98.09
2015-08-26 05:00:00,194.46,103.03
2015-08-27 05:00:00,199.27,105.64
2015-08-28 05:00:00,199.28,105.62
2015-08-31 05:00:00,197.67,104.31
2015-09-01 05:00:00,191.77,101.05
2015-09-02 05:00:00,195.41,103.9
2015-09-03 05:00:00,195.55,103.39
2015-09-04 05:00:00,192.59,102.16
2015-09-08 05:00:00,197.43,105.04
2015-09-09 05:00:00,194.79,103.86
2015-09-10 05:00:00,195.85,104.99
2015-09-11 05:00:00,196.74,105.57
2015-09-14 05:00:00,196.01,105.25
2015-09-15 05:00:00,198.46,106.49
2015-09-16 05:00:00,200.18,107.09
2015-09-17 05:00:00,199.73,107.13
2015-09-18 05:00:00,195.45,105.35
2015-09-21 05:00:00,196.46,105.68
2015-09-22 05:00:00,193.91,104.1
2015-09-23 05:00:00,193.6,104.18
2015-09-24 05:00:00,192.9,103.8
2015-09-25 05:00:00,192.85,102.92
2015-09-28 05:00:00,188.01,99.99
2015-09-29 05:00:00,188.12,99.47
2015-09-30 05:00:00,191.63,101.76
2015-10-01 05:00:00,192.13,102.22
2015-10-02 05:00:00,195.0,104.01
2015-10-05 05:00:00,198.47,105.5
2015-10-06 05:00:00,197.79,105.0
2015-10-07 05:00:00,199.41,105.63
2015-10-08 05:00:00,201.21,106.05
2015-10-09 05:00:00,201.33,106.53
2015-10-12 05:00:00,201.52,106.79
2015-10-13 05:00:00,200.25,106.1
2015-10-14 05:00:00,199.29,105.93
2015-10-15 05:00:00,202.35,107.67
2015-10-16 05:00:00,203.27,108.12
2015-10-19 05:00:00,203.37,108.74
2015-10-20 05:00:00,203.09,108.18
2015-10-21 05:00:00,201.85,107.52
2015-10-22 05:00:00,205.26,109.71
2015-10-23 05:00:00,207.51,112.78
2015-10-26 05:00:00,207.0,112.85
2015-10-27 05:00:00,206.6,113.08
2015-10-28 05:00:00,208.95,114.02
2015-10-29 05:00:00,208.83,113.84
2015-10-30 05:00:00,207.93,113.33
2015-11-02 06:00:00,210.39,114.61
2015-11-03 06:00:00,211.0,115.01
2015-11-04 06:00:00,210.36,115.02
2015-11-05 06:00:00,210.15,114.71
2015-11-06 06:00:00,210.04,114.79
2015-11-09 06:00:00,208.08,113.57
2015-11-10 06:00:00,208.56,113.28
2015-11-11 06:00:00,207.74,113.14
2015-11-12 06:00:00,204.84,112.04
2015-11-13 06:00:00,202.54,109.84
2015-11-16 06:00:00,205.62,111.42
2015-11-17 06:00:00,205.47,111.49
2015-11-18 06:00:00,208.73,113.63
2015-11-19 06:00:00,208.55,113.71
2015-11-20 06:00:00,209.3108,114.48
2015-11-23 06:00:00,209.07,114.15
2015-11-24 06:00:00,209.35,114.05
2015-11-25 06:00:00,209.32,114.15
2015-11-27 06:00:00,209.56,114.31
2015-11-30 06:00:00,208.69,114.02
2015-12-01 06:00:00,210.68,115.16
2015-12-02 06:00:00,208.529,114.45
2015-12-03 06:00:00,205.61,112.51
2015-12-04 06:00:00,209.62,115.14
2015-12-07 06:00:00,208.35,114.62
2015-12-08 06:00:00,206.949,114.63
2015-12-09 06:00:00,205.34,112.89
2015-12-10 06:00:00,205.87,113.4
2015-12-11 06:00:00,201.88,110.79
2015-12-14 06:00:00,202.9008,111.63
2015-12-15 06:00:00,205.0308,112.31
2015-12-16 06:00:00,208.03,113.98
2015-12-17 06:00:00,204.86,112.32
2015-12-18 06:00:00,200.0208,109.83
2015-12-21 06:00:00,201.67,111.05
2015-12-22 06:00:00,203.5,111.78
2015-12-23 06:00:00,206.02,112.61
2015-12-24 06:00:00,205.68,112.59
2015-12-28 06:00:00,205.21,112.53
2015-12-29 06:00:00,207.4,114.3
2015-12-30 06:00:00,205.93,113.27
2015-12-31 06:00:00,203.87,111.86
2016-01-04 06:00:00,201.0192,109.5
2016-01-05 06:00:00,201.36,109.31
2016-01-06 06:00:00,198.82,108.26
2016-01-07 06:00:00,194.05,104.87
2016-01-08 06:00:00,191.923,104.01
2016-01-11 06:00:00,192.11,104.33
2016-01-12 06:00:00,193.6608,105.54
2016-01-13 06:00:00,188.83,101.9
2016-01-14 06:00:00,191.88,104.07
2016-01-15 06:00:00,187.81,100.84
2016-01-19 06:00:00,188.06,101.06
2016-01-20 06:00:00,185.65,100.75
2016-01-21 06:00:00,186.69,100.85
2016-01-22 06:00:00,190.52,103.77
2016-01-25 06:00:00,187.64,102.23
2016-01-26 06:00:00,190.2,103.15
2016-01-27 06:00:00,188.13,100.58
2016-01-28 06:00:00,189.11,102.0
2016-01-29 06:00:00,193.7208,104.13
2016-02-01 06:00:00,193.65,104.41
2016-02-02 06:00:00,190.16,102.15
2016-02-03 06:00:00,191.3,101.66
2016-02-04 06:00:00,191.6,101.65
2016-02-05 06:00:00,187.95,98.12
2016-02-08 06:00:00,185.42,96.62
2016-02-09 06:00:00,185.43,96.32
2016-02-10 06:00:00,185.27,96.69
2016-02-11 06:00:00,182.86,96.55
2016-02-12 06:00:00,186.63,98.02
2016-02-16 06:00:00,189.78,100.23
2016-02-17 06:00:00,192.88,102.5
2016-02-18 06:00:00,192.09,101.33
2016-02-19 06:00:00,192.0,101.63
2016-02-22 06:00:00,194.78,103.28
2016-02-23 06:00:00,192.32,101.58
2016-02-24 06:00:00,193.2,102.55
2016-02-25 06:00:00,195.54,103.56
2016-02-26 06:00:00,195.0892,103.43
2016-02-29 06:00:00,193.56,102.5
2016-03-01 06:00:00,198.11,105.79
2016-03-02 06:00:00,199.0,105.83
2016-03-03 06:00:00,199.775,105.63
2016-03-04 06:00:00,200.43,105.67
2016-03-07 06:00:00,200.59,105.02
2016-03-08 06:00:00,198.4,104.15
2016-03-09 06:00:00,199.38,104.82
2016-03-10 06:00:00,199.54,104.66
2016-03-11 06:00:00,202.76,106.49
2016-03-14 05:00:00,202.5,106.67
2016-03-15 05:00:00,202.17,106.63
2016-03-16 05:00:00,203.34,107.58
2016-03-17 05:00:00,204.63,107.52
2016-03-18 05:00:00,204.38,107.37
2016-03-21 05:00:00,204.67,107.79
2016-03-22 05:00:00,204.56,108.12
2016-03-23 05:00:00,203.2092,107.23
2016-03-24 05:00:00,203.12,107.26
2016-03-28 05:00:00,203.24,107.11
2016-03-29 05:00:00,205.1208,108.83
2016-03-30 05:00:00,206.02,109.36
2016-03-31 05:00:00,205.52,109.2
2016-04-01 05:00:00,206.92,110.36
2016-04-04 05:00:00,206.25,109.94
2016-04-05 05:00:00,204.1892,108.88
2016-04-06 05:00:00,206.42,110.67
2016-04-07 05:00:00,203.95,109.08
2016-04-08 05:00:00,204.4992,109.0
2016-04-11 05:00:00,204.0201,108.6
2016-04-12 05:00:00,205.92,109.51
2016-04-13 05:00:00,208.0008,110.91
2016-04-14 05:00:00,208.01,110.92
2016-04-15 05:00:00,207.78,110.64
2016-04-18 05:00:00,209.2392,111.23
2016-04-19 05:00:00,209.9,110.55
2016-04-20 05:00:00,210.1,110.64
2016-04-21 05:00:00,208.97,110.65
2016-04-22 05:00:00,208.97,108.98
2016-04-25 05:00:00,208.61,108.98
2016-04-26 05:00:00,208.9192,108.45
2016-04-27 05:00:00,209.35,107.58
2016-04-28 05:00:00,207.4475,106.28
2016-04-29 05:00:00,206.3308,105.72
2016-05-02 05:00:00,207.97,106.72
2016-05-03 05:00:00,206.1592,105.73
2016-05-04 05:00:00,205.01,105.05
2016-05-05 05:00:00,204.97,105.02
2016-05-06 05:00:00,205.72,105.58
2016-05-09 05:00:00,205.8892,105.88
2016-05-10 05:00:00,208.45,107.33
2016-05-11 05:00:00,206.5,106.36
2016-05-12 05:00:00,206.56,105.89
2016-05-13 05:00:00,204.76,105.5
2016-05-16 05:00:00,206.78,106.82
2016-05-17 05:00:00,204.8508,105.48
2016-05-18 05:00:00,204.91,105.86
2016-05-19 05:00:00,204.2,105.31
2016-05-20 05:00:00,205.49,106.47
2016-05-23 05:00:00,205.21,106.33
2016-05-24 05:00:00,207.87,108.46
2016-05-25 05:00:00,209.28,109.24
2016-05-26 05:00:00,209.34,109.56
2016-05-27 05:00:00,210.24,110.13
2016-05-31 05:00:00,209.84,110.34
2016-06-01 05:00:00,210.27,110.35
2016-06-02 05:00:00,210.91,110.58
2016-06-03 05:00:00,210.28,110.06
2016-06-06 05:00:00,211.35,110.46
2016-06-07 05:00:00,211.68,110.18
2016-06-08 05:00:00,212.37,110.37
2016-06-09 05:00:00,212.08,110.19
2016-06-10 05:00:00,210.07,108.94
2016-06-13 05:00:00,208.4492,108.03
2016-06-14 05:00:00,208.04,108.03
2016-06-15 05:00:00,207.75,107.72
2016-06-16 05:00:00,208.37,108.04
2016-06-17 05:00:00,206.52,106.49
2016-06-20 05:00:00,207.85,107.16
2016-06-21 05:00:00,208.44,107.5
2016-06-22 05:00:00,208.1,107.24
2016-06-23 05:00:00,210.81,108.77
2016-06-24 05:00:00,203.13,104.29
2016-06-27 05:00:00,199.6,102.22
2016-06-28 05:00:00,203.1997,104.46
2016-06-29 05:00:00,206.66,106.31
2016-06-30 05:00:00,209.475,107.54
2016-07-01 05:00:00,209.9208,108.08
2016-07-05 05:00:00,208.41,107.42
2016-07-06 05:00:00,209.66,108.3
2016-07-07 05:00:00,209.526,108.62
2016-07-08 05:00:00,212.65,110.3
2016-07-11 05:00:00,213.4,110.93
2016-07-12 05:00:00,214.95,111.49
2016-07-13 05:00:00,214.92,111.22
2016-07-14 05:00:00,216.12,111.98
2016-07-15 05:00:00,215.83,111.8
2016-07-18 05:00:00,216.4092,112.54
2016-07-19 05:00:00,216.19,112.13
2016-07-20 05:00:00,217.085,113.44
2016-07-21 05:00:00,216.265,113.18
2016-07-22 05:00:00,217.24,113.65
2016-07-25 05:00:00,216.65,113.66
2016-07-26 05:00:00,216.75,113.79
2016-07-27 05:00:00,216.52,114.58
2016-07-28 05:00:00,216.77,114.98
2016-07-29 05:00:00,217.12,115.23
2016-08-01 05:00:00,216.94,115.84
2016-08-02 05:00:00,215.5492,114.96
2016-08-03 05:00:00,216.18,115.34
2016-08-04 05:00:00,216.4097,115.67
2016-08-05 05:00:00,218.18,116.78
2016-08-08 05:00:00,218.05,116.65
2016-08-09 05:00:00,218.18,116.92
2016-08-10 05:00:00,217.64,116.62
2016-08-11 05:00:00,218.65,117.12
2016-08-12 05:00:00,218.46,117.2
2016-08-15 05:00:00,219.09,117.7
2016-08-16 05:00:00,217.96,117.05
2016-08-17 05:00:00,218.37,117.26
2016-08-18 05:00:00,218.86,117.29
2016-08-19 05:00:00,218.54,117.26
2016-08-22 05:00:00,218.53,117.35
2016-08-23 05:00:00,218.97,117.56
2016-08-24 05:00:00,217.85,116.8
2016-08-25 05:00:00,217.7,116.61
2016-08-26 05:00:00,217.29,116.78
2016-08-29 05:00:00,218.3608,116.94
2016-08-30 05:00:00,218.0,116.56
2016-08-31 05:00:00,217.38,116.44
2016-09-01 05:00:00,217.39,116.74
2016-09-02 05:00:00,218.37,117.12
2016-09-06 05:00:00,219.0308,117.85
2016-09-07 05:00:00,219.01,117.92
2016-09-08 05:00:00,218.51,117.23
2016-09-09 05:00:00,213.28,114.28
2016-09-12 05:00:00,216.34,116.33
2016-09-13 05:00:00,213.23,115.29
2016-09-14 05:00:00,213.15,115.84
2016-09-15 05:00:00,215.28,117.64
2016-09-16 05:00:00,213.37,117.29
2016-09-19 05:00:00,213.41,116.78
2016-09-20 05:00:00,213.42,117.0
2016-09-21 05:00:00,215.82,118.15
2016-09-22 05:00:00,217.18,119.09
2016-09-23 05:00:00,215.99,118.33
2016-09-26 05:00:00,214.24,117.34
2016-09-27 05:00:00,215.57,118.5
2016-09-28 05:00:00,216.64,118.7
2016-09-29 05:00:00,214.68,117.84
2016-09-30 05:00:00,216.3,118.72
2016-10-03 05:00:00,215.78,118.55
2016-10-04 05:00:00,214.68,118.37
2016-10-05 05:00:00,215.63,118.79
2016-10-06 05:00:00,215.78,118.73
2016-10-07 05:00:00,215.04,118.47
2016-10-10 05:00:00,216.16,119.22
2016-10-11 05:00:00,213.43,117.52
2016-10-12 05:00:00,213.71,117.42
2016-10-13 05:00:00,213.01,117.0
2016-10-14 05:00:00,213.12,117.14
2016-10-17 05:00:00,212.38,116.82
2016-10-18 05:00:00,213.71,117.86
2016-10-19 05:00:00,214.28,117.85
2016-10-20 05:00:00,213.88,117.71
2016-10-21 05:00:00,213.98,118.15
2016-10-24 05:00:00,214.89,119.57
2016-10-25 05:00:00,214.17,119.19
2016-10-26 05:00:00,213.74,118.38
2016-10-27 05:00:00,213.17,117.84
2016-10-28 05:00:00,212.54,117.1
2016-10-31 05:00:00,212.55,116.99
2016-11-01 05:00:00,211.01,116.11
2016-11-02 05:00:00,209.74,115.18
2016-11-03 05:00:00,208.78,114.05
2016-11-04 05:00:00,208.55,113.65
2016-11-07 06:00:00,213.15,116.35
2016-11-08 06:00:00,214.11,117.11
2016-11-09 06:00:00,216.3792,117.65
2016-11-10 06:00:00,216.92,115.75
2016-11-11 06:00:00,216.42,115.8
2016-11-14 06:00:00,216.59,114.63
2016-11-15 06:00:00,218.28,116.22
2016-11-16 06:00:00,217.87,116.91
2016-11-17 06:00:00,218.99,117.76
2016-11-18 06:00:00,218.5,117.32
2016-11-21 06:00:00,220.15,118.54
2016-11-22 06:00:00,220.58,118.9
2016-11-23 06:00:00,220.7,118.42
2016-11-25 06:00:00,221.52,118.8
2016-11-28 06:00:00,220.48,118.53
2016-11-29 06:00:00,220.91,118.94
2016-11-30 06:00:00,220.38,117.5
2016-12-01 06:00:00,219.57,115.47
2016-12-02 06:00:00,219.68,115.7
2016-12-05 06:00:00,221.0,116.6
2016-12-06 06:00:00,221.7,116.88
2016-12-07 06:00:00,224.6,118.36
2016-12-08 06:00:00,225.15,118.57
2016-12-09 06:00:00,226.51,119.5
2016-12-12 06:00:00,226.25,118.96
2016-12-13 06:00:00,227.76,120.46
2016-12-14 06:00:00,225.88,120.21
2016-12-15 06:00:00,226.81,120.4
2016-12-16 06:00:00,225.04,119.6
2016-12-19 06:00:00,225.53,120.09
2016-12-20 06:00:00,226.4,120.55
2016-12-21 06:00:00,225.77,120.46
2016-12-22 06:00:00,225.38,120.12
2016-12-23 06:00:00,225.71,120.2
2016-12-27 06:00:00,226.27,120.82
2016-12-28 06:00:00,224.4,119.88
2016-12-29 06:00:00,224.35,119.71
2016-12-30 06:00:00,223.53,118.48
2017-01-03 06:00:00,225.24,119.54
2017-01-04 06:00:00,226.58,120.19
2017-01-05 06:00:00,226.4,120.87
2017-01-06 06:00:00,227.21,121.93
2017-01-09 06:00:00,226.46,122.33
2017-01-10 06:00:00,226.46,122.6
2017-01-11 06:00:00,227.1,122.93
2017-01-12 06:00:00,226.53,122.74
2017-01-13 06:00:00,227.05,123.16
2017-01-17 06:00:00,226.25,122.79
2017-01-18 06:00:00,226.75,123.04
2017-01-19 06:00:00,225.91,122.98
2017-01-20 06:00:00,226.74,123.25
2017-01-23 06:00:00,226.15,123.35
2017-01-24 06:00:00,227.6,124.18
2017-01-25 06:00:00,229.57,125.43
2017-01-26 06:00:00,229.33,125.56
2017-01-27 06:00:00,228.97,125.8
2017-01-30 06:00:00,227.55,124.82
2017-01-31 06:00:00,227.53,124.57
2017-02-01 06:00:00,227.62,125.43
2017-02-02 06:00:00,227.77,125.32
2017-02-03 06:00:00,229.34,125.68
2017-02-06 06:00:00,228.93,125.83
2017-02-07 06:00:00,228.94,126.29
2017-02-08 06:00:00,229.24,126.5
2017-02-09 06:00:00,230.6,126.96
2017-02-10 06:00:00,231.51,127.38
2017-02-13 06:00:00,232.77,128.1
2017-02-14 06:00:00,233.7,128.53
2017-02-15 06:00:00,234.92,129.29
2017-02-16 06:00:00,234.72,129.25
2017-02-17 06:00:00,235.09,129.81
2017-02-21 06:00:00,236.49,130.45
2017-02-22 06:00:00,236.28,130.5
2017-02-23 06:00:00,236.44,130.01
2017-02-24 06:00:00,236.74,130.26
2017-02-27 06:00:00,237.11,130.42
2017-02-28 06:00:00,236.47,130.02
2017-03-01 06:00:00,239.78,131.44
2017-03-02 06:00:00,238.27,130.78
2017-03-03 06:00:00,238.42,131.02
2017-03-06 06:00:00,237.71,130.73
2017-03-07 06:00:00,237.0,130.51
2017-03-08 06:00:00,236.56,130.74
2017-03-09 06:00:00,236.86,130.84
2017-03-10 06:00:00,237.69,131.39
2017-03-13 05:00:00,237.81,131.61
2017-03-14 05:00:00,236.9,131.29
2017-03-15 05:00:00,238.95,132.1
2017-03-16 05:00:00,238.48,132.01
2017-03-17 05:00:00,237.03,131.69
2017-03-20 05:00:00,236.77,131.81
2017-03-21 05:00:00,233.73,129.81
2017-03-22 05:00:00,234.28,130.69
2017-03-23 05:00:00,234.03,130.36
2017-03-24 05:00:00,233.86,130.63
2017-03-27 05:00:00,233.62,130.84
2017-03-28 05:00:00,235.32,131.64
2017-03-29 05:00:00,235.54,132.25
2017-03-30 05:00:00,236.29,132.47
2017-03-31 05:00:00,235.74,132.38
2017-04-03 05:00:00,235.33,132.3
2017-04-04 05:00:00,235.48,132.51
2017-04-05 05:00:00,234.78,131.97
2017-04-06 05:00:00,235.44,132.04
2017-04-07 05:00:00,235.2,131.97
2017-04-10 05:00:00,235.34,132.02
2017-04-11 05:00:00,235.06,131.45
2017-04-12 05:00:00,234.03,130.92
2017-04-13 05:00:00,232.51,130.4
2017-04-17 05:00:00,234.57,131.48
2017-04-18 05:00:00,233.87,131.28
2017-04-19 05:00:00,233.44,131.49
2017-04-20 05:00:00,235.34,132.59
2017-04-21 05:00:00,234.59,132.56
2017-04-24 05:00:00,237.17,134.16
2017-04-25 05:00:00,238.55,135.13
2017-04-26 05:00:00,238.4,134.94
2017-04-27 05:00:00,238.6,135.75
2017-04-28 05:00:00,238.08,135.99
2017-05-01 05:00:00,238.68,137.2
2017-05-02 05:00:00,238.77,137.43
2017-05-03 05:00:00,238.48,136.99
2017-05-04 05:00:00,238.76,137.04
2017-05-05 05:00:00,239.7,137.54
2017-05-08 05:00:00,239.66,137.84
2017-05-09 05:00:00,239.44,138.32
2017-05-10 05:00:00,239.87,138.4
2017-05-11 05:00:00,239.38,138.29
2017-05-12 05:00:00,238.98,138.6
2017-05-15 05:00:00,240.3,139.04
2017-05-16 05:00:00,240.08,139.62
2017-05-17 05:00:00,235.82,136.07
2017-05-18 05:00:00,236.77,137.26
2017-05-19 05:00:00,238.31,137.84
2017-05-22 05:00:00,239.52,139.0
2017-05-23 05:00:00,240.05,139.14
2017-05-24 05:00:00,240.61,139.78
2017-05-25 05:00:00,241.76,140.97
2017-05-26 05:00:00,241.71,141.22
2017-05-30 05:00:00,241.5,141.34
2017-05-31 05:00:00,241.44,141.29
2017-06-01 05:00:00,243.36,141.84
2017-06-02 05:00:00,244.17,143.46
2017-06-05 05:00:00,243.99,143.43
2017-06-06 05:00:00,243.21,142.86
2017-06-07 05:00:00,243.66,143.42
2017-06-08 05:00:00,243.78,143.57
2017-06-09 05:00:00,243.41,139.98
2017-06-12 05:00:00,243.36,139.23
2017-06-13 05:00:00,244.55,140.36
2017-06-14 05:00:00,244.24,139.75
2017-06-15 05:00:00,243.77,139.13
2017-06-16 05:00:00,242.64,138.15
2017-06-19 05:00:00,244.66,140.46
2017-06-20 05:00:00,243.01,139.36
2017-06-21 05:00:00,242.95,140.74
2017-06-22 05:00:00,242.84,140.7
2017-06-23 05:00:00,243.13,141.24
2017-06-26 05:00:00,243.29,140.58
2017-06-27 05:00:00,241.33,138.03
2017-06-28 05:00:00,243.49,140.02
2017-06-29 05:00:00,241.35,137.59
2017-06-30 05:00:00,241.8,137.64
2017-07-03 05:00:00,242.21,136.19
2017-07-05 05:00:00,242.77,137.53
2017-07-06 05:00:00,240.55,136.29
2017-07-07 05:00:00,242.11,137.76
2017-07-10 05:00:00,242.37,138.66
2017-07-11 05:00:00,242.19,139.05
2017-07-12 05:00:00,244.01,140.7
2017-07-13 05:00:00,244.42,141.01
2017-07-14 05:00:00,245.56,142.12
2017-07-17 05:00:00,245.53,142.19
2017-07-18 05:00:00,245.66,143.14
2017-07-19 05:00:00,246.99,143.98
2017-07-20 05:00:00,247.1,144.17
2017-07-21 05:00:00,246.88,144.11
2017-07-24 05:00:00,246.82,144.77
2017-07-25 05:00:00,247.42,144.4
2017-07-26 05:00:00,247.43,144.87
2017-07-27 05:00:00,247.2,143.96
2017-07-28 05:00:00,246.91,143.84
2017-07-31 05:00:00,246.77,143.23
2017-08-01 05:00:00,247.32,143.56
2017-08-02 05:00:00,247.44,143.95
2017-08-03 05:00:00,246.96,143.39
2017-08-04 05:00:00,247.41,143.65
2017-08-07 05:00:00,247.87,144.56
2017-08-08 05:00:00,247.26,144.31
2017-08-09 05:00:00,247.25,144.12
2017-08-10 05:00:00,243.76,141.03
2017-08-11 05:00:00,244.12,142.1
2017-08-14 05:00:00,246.54,143.93
2017-08-15 05:00:00,246.51,144.03
2017-08-16 05:00:00,246.94,144.28
2017-08-17 05:00:00,243.09,141.33
2017-08-18 05:00:00,242.71,141.23
2017-08-21 05:00:00,242.9,141.05
2017-08-22 05:00:00,245.44,143.2
2017-08-23 05:00:00,244.56,142.69
2017-08-24 05:00:00,243.99,142.27
2017-08-25 05:00:00,244.56,141.97
2017-08-28 05:00:00,244.57,142.41
2017-08-29 05:00:00,244.85,142.97
2017-08-30 05:00:00,246.01,144.65
2017-08-31 05:00:00,247.49,146.2
2017-09-01 05:00:00,247.84,146.0
2017-09-05 05:00:00,246.06,144.69
2017-09-06 05:00:00,246.9,145.13
2017-09-07 05:00:00,246.87,145.47
2017-09-08 05:00:00,246.58,144.21
2017-09-11 05:00:00,249.21,145.87
2017-09-12 05:00:00,250.05,146.22
2017-09-13 05:00:00,250.17,146.42
2017-09-14 05:00:00,250.09,145.56
2017-09-15 05:00:00,249.19,146.06
2017-09-18 05:00:00,249.72,145.55
2017-09-19 05:00:00,249.97,145.8
2017-09-20 05:00:00,250.06,145.35
2017-09-21 05:00:00,249.39,144.46
2017-09-22 05:00:00,249.44,144.32
2017-09-25 05:00:00,248.93,142.8
2017-09-26 05:00:00,249.08,143.17
2017-09-27 05:00:00,250.05,144.46
2017-09-28 05:00:00,250.35,144.41
2017-09-29 05:00:00,251.23,145.45
2017-10-02 05:00:00,252.32,145.58
2017-10-03 05:00:00,252.86,145.89
2017-10-04 05:00:00,253.16,146.03
2017-10-05 05:00:00,254.66,147.46
2017-10-06 05:00:00,254.37,147.66
2017-10-09 05:00:00,253.95,147.49
2017-10-10 05:00:00,254.62,147.6
2017-10-11 05:00:00,255.02,148.04
2017-10-12 05:00:00,254.64,147.77
2017-10-13 05:00:00,254.95,148.34
2017-10-16 05:00:00,255.29,148.85
2017-10-17 05:00:00,255.47,149.04
2017-10-18 05:00:00,255.72,148.86
2017-10-19 05:00:00,255.79,148.31
2017-10-20 05:00:00,257.11,148.71
2017-10-23 05:00:00,256.11,147.74
2017-10-24 05:00:00,256.56,147.99
2017-10-25 05:00:00,255.29,147.43
2017-10-26 05:00:00,255.62,146.96
2017-10-27 05:00:00,257.71,151.24
2017-10-30 05:00:00,256.75,151.58
2017-10-31 05:00:00,257.15,152.15
2017-11-01 05:00:00,257.49,152.1
2017-11-02 05:00:00,257.59,151.81
2017-11-03 05:00:00,258.45,153.27
2017-11-06 06:00:00,258.85,153.79
2017-11-07 06:00:00,258.67,153.88
2017-11-08 06:00:00,259.11,154.5
2017-11-09 06:00:00,258.17,153.69
2017-11-10 06:00:00,258.09,153.68
2017-11-13 06:00:00,258.33,153.87
2017-11-14 06:00:00,257.73,153.31
2017-11-15 06:00:00,256.44,152.59
2017-11-16 06:00:00,258.62,154.54
2017-11-17 06:00:00,257.86,153.95
2017-11-20 06:00:00,258.3,153.83
2017-11-21 06:00:00,259.99,155.5
2017-11-22 06:00:00,259.76,155.69
2017-11-24 06:00:00,260.36,156.26
2017-11-27 06:00:00,260.23,156.19
2017-11-28 06:00:00,262.87,156.59
2017-11-29 06:00:00,262.71,153.86
2017-11-30 06:00:00,265.01,155.15
2017-12-01 06:00:00,264.46,154.49
2017-12-04 06:00:00,264.14,152.71
2017-12-05 06:00:00,263.19,152.81
2017-12-06 06:00:00,263.24,153.5
2017-12-07 06:00:00,264.07,154.02
2017-12-08 06:00:00,265.51,154.7
2017-12-11 06:00:00,266.31,155.9
2017-12-12 06:00:00,266.78,155.69
2017-12-13 06:00:00,266.75,155.99
2017-12-14 06:00:00,265.66,155.88
2017-12-15 06:00:00,266.51,157.65
2017-12-18 06:00:00,268.2,158.64
2017-12-19 06:00:00,267.17,157.7
2017-12-20 06:00:00,267.03,157.53
2017-12-21 06:00:00,267.58,157.55
2017-12-22 06:00:00,267.51,157.37
2017-12-26 06:00:00,267.19,156.52
2017-12-27 06:00:00,267.32,156.54
2017-12-28 06:00:00,267.87,156.73
2017-12-29 06:00:00,266.86,155.76
2018-01-02 06:00:00,268.77,158.49
2018-01-03 06:00:00,270.47,160.03
2018-01-04 06:00:00,271.61,160.31
2018-01-05 06:00:00,273.42,161.92
2018-01-08 06:00:00,273.92,162.55
2018-01-09 06:00:00,274.54,162.56
2018-01-10 06:00:00,274.12,162.18
2018-01-11 06:00:00,276.12,163.29
2018-01-12 06:00:00,277.92,164.49
2018-01-16 06:00:00,276.97,164.02
2018-01-17 06:00:00,279.61,165.79
2018-01-18 06:00:00,279.14,165.82
2018-01-19 06:00:00,280.41,166.34
2018-01-22 06:00:00,282.69,168.12
2018-01-23 06:00:00,283.29,169.51
2018-01-24 06:00:00,283.18,168.41
2018-01-25 06:00:00,283.3,168.35
2018-01-26 06:00:00,286.58,170.93
2018-01-29 06:00:00,284.68,170.1
2018-01-30 06:00:00,281.76,168.7
2018-01-31 06:00:00,281.9,169.4
2018-02-01 06:00:00,281.58,167.96
2018-02-02 06:00:00,275.45,164.61
2018-02-05 06:00:00,263.93,158.12
2018-02-06 06:00:00,269.13,162.31
2018-02-07 06:00:00,267.67,160.21
2018-02-08 06:00:00,257.63,153.45
2018-02-09 06:00:00,261.5,156.1
2018-02-12 06:00:00,265.34,158.87
2018-02-13 06:00:00,266.0,159.69
2018-02-14 06:00:00,269.59,162.68
2018-02-15 06:00:00,273.03,165.7
2018-02-16 06:00:00,273.11,164.96
2018-02-20 06:00:00,271.4,165.29
2018-02-21 06:00:00,270.05,164.82
2018-02-22 06:00:00,270.4,164.8
2018-02-23 06:00:00,274.71,168.17
2018-02-26 06:00:00,277.9,170.4
2018-02-27 06:00:00,274.43,168.29
2018-02-28 06:00:00,271.65,167.21
2018-03-01 06:00:00,267.7,164.48
2018-03-02 06:00:00,269.08,165.99
2018-03-05 06:00:00,272.19,167.83
2018-03-06 06:00:00,272.88,168.54
2018-03-07 06:00:00,272.78,168.93
2018-03-08 06:00:00,274.1,169.86
2018-03-09 06:00:00,278.87,173.16
2018-03-12 05:00:00,278.52,174.08
2018-03-13 05:00:00,276.72,171.71
2018-03-14 05:00:00,275.3,171.68
2018-03-15 05:00:00,275.0,171.53
2018-03-16 05:00:00,274.2,171.02
2018-03-19 05:00:00,270.49,167.1
2018-03-20 05:00:00,270.95,167.65
2018-03-21 05:00:00,270.43,166.92
2018-03-22 05:00:00,263.67,162.8
2018-03-23 05:00:00,258.05,158.51
2018-03-26 05:00:00,265.11,164.4
2018-03-27 05:00:00,260.6,159.08
2018-03-28 05:00:00,259.83,157.25
2018-03-29 05:00:00,263.15,160.13
2018-04-02 05:00:00,257.47,155.51
2018-04-03 05:00:00,260.77,157.26
2018-04-04 05:00:00,263.56,159.74
2018-04-05 05:00:00,265.64,160.65
2018-04-06 05:00:00,259.72,156.63
2018-04-09 05:00:00,261.0,157.73
2018-04-10 05:00:00,265.15,161.21
2018-04-11 05:00:00,263.76,160.28
2018-04-12 05:00:00,265.93,162.21
2018-04-13 05:00:00,265.15,161.37
2018-04-16 05:00:00,267.33,162.6
2018-04-17 05:00:00,270.19,166.1
2018-04-18 05:00:00,270.39,166.44
2018-04-19 05:00:00,268.89,164.91
2018-04-20 05:00:00,266.61,162.3
2018-04-23 05:00:00,266.57,161.89
2018-04-24 05:00:00,262.98,158.46
2018-04-25 05:00:00,263.63,158.65
2018-04-26 05:00:00,266.31,161.99
2018-04-27 05:00:00,266.56,162.09
2018-04-30 05:00:00,264.51,160.94
2018-05-01 05:00:00,264.98,162.78
2018-05-02 05:00:00,263.2,161.82
2018-05-03 05:00:00,262.62,161.8
2018-05-04 05:00:00,266.02,164.87
2018-05-07 05:00:00,266.92,166.24
2018-05-08 05:00:00,266.92,166.07
2018-05-09 05:00:00,269.5,167.88
2018-05-10 05:00:00,272.02,169.62
2018-05-11 05:00:00,272.85,169.46
2018-05-14 05:00:00,272.98,169.75
2018-05-15 05:00:00,271.1,167.87
2018-05-16 05:00:00,272.24,168.98
2018-05-17 05:00:00,272.01,168.33
2018-05-18 05:00:00,271.33,167.46
2018-05-21 05:00:00,273.37,168.4
2018-05-22 05:00:00,272.61,168.18
2018-05-23 05:00:00,273.36,169.6
2018-05-24 05:00:00,272.8,169.55
2018-05-25 05:00:00,272.15,169.72
2018-05-29 05:00:00,269.02,168.97
2018-05-30 05:00:00,272.61,170.18
2018-05-31 05:00:00,270.94,170.07
2018-06-01 05:00:00,273.6,172.74
2018-06-04 05:00:00,274.9,174.3
2018-06-05 05:00:00,275.1,174.84
2018-06-06 05:00:00,277.4,175.86
2018-06-07 05:00:00,277.37,174.43
2018-06-08 05:00:00,278.19,174.44
2018-06-11 05:00:00,278.56,174.91
2018-06-12 05:00:00,278.92,175.83
2018-06-13 05:00:00,278.03,175.82
2018-06-14 05:00:00,278.73,177.6
2018-06-15 05:00:00,277.13,176.98
2018-06-18 05:00:00,276.56,176.5
2018-06-19 05:00:00,275.5,176.0
2018-06-20 05:00:00,275.97,177.25
2018-06-21 05:00:00,274.24,175.71
2018-06-22 05:00:00,274.74,175.32
2018-06-25 05:00:00,271.0,171.37
2018-06-26 05:00:00,271.6,172.07
2018-06-27 05:00:00,269.35,169.73
2018-06-28 05:00:00,270.89,171.19
2018-06-29 05:00:00,271.28,171.65
2018-07-02 05:00:00,271.86,172.8
2018-07-03 05:00:00,270.9,170.8
2018-07-05 05:00:00,273.11,172.92
2018-07-06 05:00:00,275.42,175.61
2018-07-09 05:00:00,277.9,177.19
2018-07-10 05:00:00,278.9,177.32
2018-07-11 05:00:00,276.86,176.42
2018-07-12 05:00:00,279.37,179.46
2018-07-13 05:00:00,279.59,179.61
2018-07-16 05:00:00,279.34,179.18
2018-07-17 05:00:00,280.47,180.27
2018-07-18 05:00:00,281.06,179.93
2018-07-19 05:00:00,280.0,179.03
2018-07-20 05:00:00,279.68,178.99
2018-07-23 05:00:00,280.2,179.56
2018-07-24 05:00:00,281.61,180.3
2018-07-25 05:00:00,284.01,182.82
2018-07-26 05:00:00,283.34,180.05
2018-07-27 05:00:00,281.42,177.62
2018-07-30 05:00:00,279.95,175.11
2018-07-31 05:00:00,281.33,176.45
2018-08-01 05:00:00,280.86,177.12
2018-08-02 05:00:00,282.39,179.53
2018-08-03 05:00:00,283.6,180.08
2018-08-06 05:00:00,284.64,181.14
2018-08-07 05:00:00,285.58,181.8
2018-08-08 05:00:00,285.46,182.02
2018-08-09 05:00:00,285.07,181.91
2018-08-10 05:00:00,283.16,180.52
2018-08-13 05:00:00,282.1,180.32
2018-08-14 05:00:00,283.9,181.45
2018-08-15 05:00:00,281.78,179.23
2018-08-16 05:00:00,284.06,179.82
2018-08-17 05:00:00,285.06,179.86
2018-08-20 05:00:00,285.67,179.7
2018-08-21 05:00:00,286.34,180.36
2018-08-22 05:00:00,286.17,181.06
2018-08-23 05:00:00,285.79,180.8
2018-08-24 05:00:00,287.51,182.48
2018-08-27 05:00:00,289.78,184.34
2018-08-28 05:00:00,289.92,184.61
2018-08-29 05:00:00,291.48,186.74
2018-08-30 05:00:00,290.3,186.41
2018-08-31 05:00:00,290.31,186.65
2018-09-04 05:00:00,289.81,185.85
2018-09-05 05:00:00,289.03,183.45
2018-09-06 05:00:00,288.16,181.81
2018-09-07 05:00:00,287.6,181.11
2018-09-10 05:00:00,288.1,181.72
2018-09-11 05:00:00,289.05,183.12
2018-09-12 05:00:00,289.12,182.58
2018-09-13 05:00:00,290.83,184.53
2018-09-14 05:00:00,290.88,183.99
2018-09-17 05:00:00,289.34,181.34
2018-09-18 05:00:00,290.91,182.84
2018-09-19 05:00:00,291.22,182.7
2018-09-20 05:00:00,293.58,184.72
2018-09-21 05:00:00,291.99,183.71
2018-09-24 05:00:00,291.02,183.89
2018-09-25 05:00:00,290.75,184.14
2018-09-26 05:00:00,289.88,184.27
2018-09-27 05:00:00,290.69,185.83
2018-09-28 05:00:00,290.72,185.79
2018-10-01 05:00:00,291.73,186.17
2018-10-02 05:00:00,291.56,185.75
2018-10-03 05:00:00,291.72,185.95
2018-10-04 05:00:00,289.44,182.38
2018-10-05 05:00:00,287.82,180.15
2018-10-08 05:00:00,287.82,179.05
2018-10-09 05:00:00,287.4,179.63
2018-10-10 05:00:00,278.3,171.73
2018-10-11 05:00:00,272.17,169.6
2018-10-12 05:00:00,275.95,174.32
2018-10-15 05:00:00,274.4,172.21
2018-10-16 05:00:00,280.4,177.22
2018-10-17 05:00:00,280.45,177.29
2018-10-18 05:00:00,276.4,173.18
2018-10-19 05:00:00,276.25,173.02
2018-10-22 05:00:00,275.01,173.91
2018-10-23 05:00:00,273.61,173.27
2018-10-24 05:00:00,265.32,165.34
2018-10-25 05:00:00,270.08,171.06
2018-10-26 05:00:00,265.33,166.66
2018-10-29 05:00:00,263.86,163.23
2018-10-30 05:00:00,267.77,165.92
2018-10-31 05:00:00,270.63,169.82
2018-11-01 05:00:00,273.51,172.06
2018-11-02 05:00:00,271.89,169.38
2018-11-05 06:00:00,273.39,168.96
2018-11-06 06:00:00,275.12,170.24
2018-11-07 06:00:00,281.01,175.58
2018-11-08 06:00:00,280.5,174.46
2018-11-09 06:00:00,277.76,171.52
2018-11-12 06:00:00,272.57,166.33
2018-11-13 06:00:00,272.06,166.47
2018-11-14 06:00:00,270.2,165.2
2018-11-15 06:00:00,273.02,168.09
2018-11-16 06:00:00,273.73,167.5
2018-11-19 06:00:00,269.1,162.06
2018-11-20 06:00:00,264.12,159.16
2018-11-21 06:00:00,265.02,160.37
2018-11-23 06:00:00,263.25,159.21
2018-11-26 06:00:00,267.5,162.89
2018-11-27 06:00:00,268.4,163.44
2018-11-28 06:00:00,274.58,168.7
2018-11-29 06:00:00,273.98,168.15
2018-11-30 06:00:00,275.65,169.37
2018-12-03 06:00:00,279.3,172.33
2018-12-04 06:00:00,270.25,165.72
2018-12-06 06:00:00,269.84,166.89
2018-12-07 06:00:00,263.57,161.38
2018-12-10 06:00:00,264.07,163.07
2018-12-11 06:00:00,264.13,163.61
2018-12-12 06:00:00,265.46,165.05
2018-12-13 06:00:00,265.37,165.1
2018-12-14 06:00:00,260.47,161.08
2018-12-17 06:00:00,255.36,157.43
2018-12-18 06:00:00,255.08,158.42
2018-12-19 06:00:00,251.26,154.53
2018-12-20 06:00:00,247.17,152.29
2018-12-21 06:00:00,240.7,147.57
2018-12-24 06:00:00,234.34,143.5
2018-12-26 06:00:00,246.18,152.46
2018-12-27 06:00:00,248.07,153.05
2018-12-28 06:00:00,247.75,152.97
2018-12-31 06:00:00,249.92,154.26
2019-01-02 06:00:00,250.18,154.88
2019-01-03 06:00:00,244.21,149.82
2019-01-04 06:00:00,252.39,156.23
2019-01-07 06:00:00,254.38,158.09
2019-01-08 06:00:00,256.77,159.52
2019-01-09 06:00:00,257.97,160.82
2019-01-10 06:00:00,258.88,161.28
2019-01-11 06:00:00,258.98,160.69
2019-01-14 06:00:00,257.4,159.27
2019-01-15 06:00:00,260.35,162.38
2019-01-16 06:00:00,260.98,162.35
2019-01-17 06:00:00,262.96,163.63
2019-01-18 06:00:00,266.46,165.25
2019-01-22 06:00:00,262.86,161.94
2019-01-23 06:00:00,263.41,162.15
2019-01-24 06:00:00,263.55,163.2
2019-01-25 06:00:00,265.78,165.15
2019-01-28 06:00:00,263.76,163.11
2019-01-29 06:00:00,263.41,161.57
2019-01-30 06:00:00,267.58,165.68
2019-01-31 06:00:00,269.93,168.16
2019-02-01 06:00:00,270.06,167.45
2019-02-04 06:00:00,271.96,169.53
2019-02-05 06:00:00,273.1,171.03
2019-02-06 06:00:00,272.74,170.52
2019-02-07 06:00:00,270.14,168.23
2019-02-08 06:00:00,270.47,168.56
2019-02-11 06:00:00,270.62,168.4
2019-02-12 06:00:00,274.1,170.89
2019-02-13 06:00:00,274.99,171.01
2019-02-14 06:00:00,274.38,171.22
2019-02-15 06:00:00,277.37,171.94
2019-02-19 06:00:00,277.85,172.28
2019-02-20 06:00:00,278.41,172.25
2019-02-21 06:00:00,277.42,171.62
2019-02-22 06:00:00,279.14,172.89
2019-02-25 06:00:00,279.52,173.52
2019-02-26 06:00:00,279.32,173.7
2019-02-27 06:00:00,279.2,173.59
2019-02-28 06:00:00,278.68,173.19
2019-03-01 06:00:00,280.42,174.39
2019-03-04 06:00:00,279.4,174.42
2019-03-05 06:00:00,279.02,174.55
2019-03-06 06:00:00,277.33,173.56
2019-03-07 06:00:00,275.01,171.43
2019-03-08 06:00:00,274.46,171.17
2019-03-11 05:00:00,278.44,174.73
2019-03-12 05:00:00,279.49,175.69
2019-03-13 05:00:00,281.34,177.01
2019-03-14 05:00:00,281.16,176.71
2019-03-15 05:00:00,281.31,178.35
2019-03-18 05:00:00,282.33,178.45
2019-03-19 05:00:00,282.4,179.05
2019-03-20 05:00:00,281.55,179.76
2019-03-21 05:00:00,284.73,182.57
2019-03-22 05:00:00,279.25,178.56
2019-03-25 05:00:00,279.04,178.22
2019-03-26 05:00:00,281.12,179.05
2019-03-27 05:00:00,279.65,177.9
2019-03-28 05:00:00,280.71,178.31
2019-03-29 05:00:00,282.48,179.66
2019-04-01 05:00:00,285.83,182.04
2019-04-02 05:00:00,285.97,182.73
2019-04-03 05:00:00,286.42,183.78
2019-04-04 05:00:00,287.18,183.71
2019-04-05 05:00:00,288.57,184.66
2019-04-08 05:00:00,288.79,185.13
2019-04-09 05:00:00,287.31,184.48
2019-04-10 05:00:00,288.29,185.47
2019-04-11 05:00:00,288.21,185.03
2019-04-12 05:00:00,290.16,185.83
2019-04-15 05:00:00,289.97,185.86
2019-04-16 05:00:00,290.16,186.5
2019-04-17 05:00:00,289.45,187.15
2019-04-18 05:00:00,290.02,187.39
2019-04-22 05:00:00,290.27,187.92
2019-04-23 05:00:00,292.88,190.31
2019-04-24 05:00:00,292.23,189.71
2019-04-25 05:00:00,292.05,190.48
2019-04-26 05:00:00,293.41,190.65
2019-04-29 05:00:00,293.87,191.02
2019-04-30 05:00:00,294.02,189.54
2019-05-01 05:00:00,291.81,188.93
2019-05-02 05:00:00,291.18,188.11
2019-05-03 05:00:00,294.03,191.11
2019-05-06 05:00:00,292.82,189.94
2019-05-07 05:00:00,287.93,186.24
2019-05-08 05:00:00,287.53,185.77
2019-05-09 05:00:00,286.66,184.77
2019-05-10 05:00:00,288.1,185.0
2019-05-13 05:00:00,280.86,178.58
2019-05-14 05:00:00,283.4,180.54
2019-05-15 05:00:00,285.06,183.09
2019-05-16 05:00:00,287.7,184.93
2019-05-17 05:00:00,285.84,183.04
2019-05-20 05:00:00,283.95,179.95
2019-05-21 05:00:00,286.51,181.83
2019-05-22 05:00:00,285.63,181.02
2019-05-23 05:00:00,282.14,178.25
2019-05-24 05:00:00,282.78,178.16
2019-05-28 05:00:00,280.15,177.49
2019-05-29 05:00:00,278.27,176.03
2019-05-30 05:00:00,279.03,176.77
2019-05-31 05:00:00,275.27,173.95
2019-06-03 05:00:00,274.57,170.12
2019-06-04 05:00:00,280.53,174.91
2019-06-05 05:00:00,282.96,176.21
2019-06-06 05:00:00,284.8,177.61
2019-06-07 05:00:00,287.65,181.04
2019-06-10 05:00:00,288.97,183.15
2019-06-11 05:00:00,288.9,183.4
2019-06-12 05:00:00,288.39,182.34
2019-06-13 05:00:00,289.58,183.42
2019-06-14 05:00:00,289.26,182.64
2019-06-17 05:00:00,289.37,183.74
2019-06-18 05:00:00,292.4,186.41
2019-06-19 05:00:00,293.06,187.11
2019-06-20 05:00:00,295.86,188.85
2019-06-21 05:00:00,294.0,188.57
2019-06-24 05:00:00,293.64,188.16
2019-06-25 05:00:00,290.76,184.93
2019-06-26 05:00:00,290.47,185.79
2019-06-27 05:00:00,291.5,186.5
2019-06-28 05:00:00,293.0,186.74
2019-07-01 05:00:00,295.66,189.26
2019-07-02 05:00:00,296.43,190.01
2019-07-03 05:00:00,298.8,191.44
2019-07-05 05:00:00,298.46,191.05
2019-07-08 05:00:00,296.82,189.71
2019-07-09 05:00:00,297.19,190.66
2019-07-10 05:00:00,298.61,192.56
2019-07-11 05:00:00,299.31,192.42
2019-07-12 05:00:00,300.65,193.53
2019-07-15 05:00:00,300.75,194.15
2019-07-16 05:00:00,299.71,193.15
2019-07-17 05:00:00,297.74,192.2
2019-07-18 05:00:00,298.83,192.42
2019-07-19 05:00:00,297.17,191.01
2019-07-22 05:00:00,297.9,192.53
2019-07-23 05:00:00,300.03,193.79
2019-07-24 05:00:00,301.44,195.15
2019-07-25 05:00:00,300.0,193.3
2019-07-26 05:00:00,302.01,195.29
2019-07-29 05:00:00,301.46,194.62
2019-07-30 05:00:00,300.72,193.78
2019-07-31 05:00:00,297.43,191.1
2019-08-01 05:00:00,294.84,190.15
2019-08-02 05:00:00,292.62,187.35
2019-08-05 05:00:00,283.82,180.73
2019-08-06 05:00:00,287.8,183.26
2019-08-07 05:00:00,287.97,184.25
2019-08-08 05:00:00,293.62,188.26
2019-08-09 05:00:00,291.62,186.49
2019-08-12 05:00:00,288.07,184.35
2019-08-13 05:00:00,292.55,188.39
2019-08-14 05:00:00,283.9,182.76
2019-08-15 05:00:00,284.65,182.55
2019-08-16 05:00:00,288.85,185.48
2019-08-19 05:00:00,292.33,188.43
2019-08-20 05:00:00,290.09,186.97
2019-08-21 05:00:00,292.45,188.63
2019-08-22 05:00:00,292.36,188.02
2019-08-23 05:00:00,284.85,182.07
2019-08-26 05:00:00,288.0,184.82
2019-08-27 05:00:00,286.87,184.43
2019-08-28 05:00:00,288.89,185.09
2019-08-29 05:00:00,292.58,187.92
2019-08-30 05:00:00,292.45,187.47
2019-09-03 05:00:00,290.74,185.65
2019-09-04 05:00:00,294.04,188.33
2019-09-05 05:00:00,297.82,191.78
2019-09-06 05:00:00,298.05,191.59
2019-09-09 05:00:00,298.2,191.19
2019-09-10 05:00:00,298.13,190.64
2019-09-11 05:00:00,300.25,192.43
2019-09-12 05:00:00,301.29,193.23
2019-09-13 05:00:00,301.09,192.54
2019-09-16 05:00:00,300.16,191.68
2019-09-17 05:00:00,300.92,192.6
2019-09-18 05:00:00,301.1,192.52
2019-09-19 05:00:00,301.08,192.84
2019-09-20 05:00:00,298.28,190.8
2019-09-23 05:00:00,298.21,190.5
2019-09-24 05:00:00,295.87,187.97
2019-09-25 05:00:00,297.62,190.08
2019-09-26 05:00:00,297.0,189.38
2019-09-27 05:00:00,295.4,187.03
2019-09-30 05:00:00,296.77,188.81
2019-10-01 05:00:00,293.24,187.27
2019-10-02 05:00:00,288.06,184.05
2019-10-03 05:00:00,290.42,186.07
2019-10-04 05:00:00,294.35,188.81
2019-10-07 05:00:00,293.08,188.24
2019-10-08 05:00:00,288.53,185.42
2019-10-09 05:00:00,291.27,187.23
2019-10-10 05:00:00,293.24,188.68
2019-10-11 05:00:00,296.28,191.11
2019-10-14 05:00:00,295.95,191.09
2019-10-15 05:00:00,298.88,193.52
2019-10-16 05:00:00,298.4,193.04
2019-10-17 05:00:00,299.28,193.55
2019-10-18 05:00:00,297.97,191.69
2019-10-21 05:00:00,299.99,193.39
2019-10-22 05:00:00,299.01,191.85
2019-10-23 05:00:00,299.88,192.22
2019-10-24 05:00:00,300.37,194.09
2019-10-25 05:00:00,301.6,195.64
2019-10-28 05:00:00,303.3,197.57
2019-10-29 05:00:00,303.21,196.04
2019-10-30 05:00:00,304.14,196.99
2019-10-31 05:00:00,303.33,197.08
2019-11-01 05:00:00,306.14,198.87
2019-11-04 06:00:00,307.37,200.1
2019-11-05 06:00:00,307.03,200.21
2019-11-06 06:00:00,307.1,199.76
2019-11-07 06:00:00,308.18,200.43
2019-11-08 06:00:00,308.94,201.23
2019-11-11 06:00:00,308.35,200.96
2019-11-12 06:00:00,309.0,201.54
2019-11-13 06:00:00,309.1,201.59
2019-11-14 06:00:00,309.55,201.43
2019-11-15 06:00:00,311.79,202.91
2019-11-18 06:00:00,312.02,203.07
2019-11-19 06:00:00,311.93,203.37
2019-11-20 06:00:00,310.77,202.15
2019-11-21 06:00:00,310.27,201.7
2019-11-22 06:00:00,310.96,201.83
2019-11-25 06:00:00,313.37,204.22
2019-11-26 06:00:00,314.08,204.61
2019-11-27 06:00:00,315.48,206.04
2019-11-29 06:00:00,314.31,205.1
2019-12-02 06:00:00,311.64,203.0
2019-12-03 06:00:00,309.55,201.41
2019-12-04 06:00:00,311.46,202.43
2019-12-05 06:00:00,312.02,202.83
2019-12-06 06:00:00,314.87,205.0
2019-12-09 06:00:00,313.88,204.07
2019-12-10 06:00:00,313.53,203.9
2019-12-11 06:00:00,314.42,204.98
2019-12-12 06:00:00,317.13,206.51
2019-12-13 06:00:00,317.32,207.19
2019-12-16 06:00:00,319.5,209.27
2019-12-17 06:00:00,319.57,209.39
2019-12-18 06:00:00,319.59,209.55
2019-12-19 06:00:00,320.9,210.86
2019-12-20 06:00:00,320.73,211.71
2019-12-23 06:00:00,321.22,211.81
2019-12-24 06:00:00,321.23,211.92
2019-12-26 06:00:00,322.94,213.79
2019-12-27 06:00:00,322.86,213.61
2019-12-30 06:00:00,321.08,212.21
2019-12-31 06:00:00,321.86,212.61
2020-01-02 06:00:00,324.87,216.16
2020-01-03 06:00:00,322.41,214.18
2020-01-06 06:00:00,323.64,215.56
2020-01-07 06:00:00,322.73,215.53
2020-01-08 06:00:00,324.45,217.15
2020-01-09 06:00:00,326.65,218.99
2020-01-10 06:00:00,325.71,218.43
2020-01-13 06:00:00,327.95,220.95
2020-01-14 06:00:00,327.45,220.08
2020-01-15 06:00:00,328.19,220.17
2020-01-16 06:00:00,330.92,222.28
2020-01-17 06:00:00,331.95,223.38
2020-01-21 06:00:00,331.3,223.28
2020-01-22 06:00:00,331.34,223.87
2020-01-23 06:00:00,331.72,224.59
2020-01-24 06:00:00,328.77,222.7
2020-01-27 06:00:00,323.5,218.1
2020-01-28 06:00:00,326.89,221.45
2020-01-29 06:00:00,326.62,221.81
2020-01-30 06:00:00,327.68,222.6
2020-01-31 06:00:00,321.73,219.07
2020-02-03 06:00:00,324.12,222.38
2020-02-04 06:00:00,329.06,227.47
2020-02-05 06:00:00,332.86,228.22
2020-02-06 06:00:00,333.98,230.19
2020-02-07 06:00:00,332.2,229.2
2020-02-10 06:00:00,334.68,231.97
2020-02-11 06:00:00,335.26,232.01
2020-02-12 06:00:00,337.42,234.27
2020-02-13 06:00:00,337.06,233.97
2020-02-14 06:00:00,337.6,234.64
2020-02-18 06:00:00,336.73,234.73
2020-02-19 06:00:00,338.34,236.98
2020-02-20 06:00:00,336.95,234.78
2020-02-21 06:00:00,333.48,230.27
2020-02-24 06:00:00,322.42,221.39
2020-02-25 06:00:00,312.65,215.37
2020-02-26 06:00:00,311.5,216.48
2020-02-27 06:00:00,297.51,205.64
2020-02-28 06:00:00,296.26,205.8
2020-03-02 06:00:00,309.09,216.42
2020-03-03 06:00:00,300.24,209.48
2020-03-04 06:00:00,312.86,218.22
2020-03-05 06:00:00,302.46,211.59
2020-03-06 06:00:00,297.46,208.02
2020-03-09 05:00:00,274.23,193.57
2020-03-10 05:00:00,288.42,204.11
2020-03-11 05:00:00,274.36,195.22
2020-03-12 05:00:00,248.11,177.32
2020-03-13 05:00:00,269.32,192.34
2020-03-16 05:00:00,239.85,169.3
2020-03-17 05:00:00,252.8,182.14
2020-03-18 05:00:00,240.0,176.6
2020-03-19 05:00:00,240.51,177.66
2020-03-20 05:00:00,228.8,170.7
2020-03-23 05:00:00,222.95,170.46
2020-03-24 05:00:00,243.15,183.66
2020-03-25 05:00:00,246.79,182.3
2020-03-26 05:00:00,261.2,191.9
2020-03-27 05:00:00,253.42,185.3
2020-03-30 05:00:00,261.65,192.04
2020-03-31 05:00:00,257.75,190.4
2020-04-01 05:00:00,246.15,182.31
2020-04-02 05:00:00,251.83,186.01
2020-04-03 05:00:00,248.19,183.37
2020-04-06 05:00:00,264.86,196.48
2020-04-07 05:00:00,265.13,196.4
2020-04-08 05:00:00,274.03,200.57
2020-04-09 05:00:00,278.2,200.86
2020-04-13 05:00:00,275.66,203.03
2020-04-14 05:00:00,283.79,211.86
2020-04-15 05:00:00,277.76,209.43
2020-04-16 05:00:00,279.1,213.25
2020-04-17 05:00:00,286.64,215.29
2020-04-20 05:00:00,281.59,212.74
2020-04-21 05:00:00,273.04,204.89
2020-04-22 05:00:00,279.1,210.97
2020-04-23 05:00:00,279.08,210.52
2020-04-24 05:00:00,282.97,213.84
2020-04-27 05:00:00,287.05,215.56
2020-04-28 05:00:00,285.73,211.5
2020-04-29 05:00:00,293.21,219.0
2020-04-30 05:00:00,290.48,218.91
2020-05-01 05:00:00,282.79,212.74
2020-05-04 05:00:00,283.57,215.22
2020-05-05 05:00:00,286.19,217.66
2020-05-06 05:00:00,284.25,219.0
2020-05-07 05:00:00,287.68,221.82
2020-05-08 05:00:00,292.44,224.86
2020-05-11 05:00:00,292.5,226.87
2020-05-12 05:00:00,286.67,222.12
2020-05-13 05:00:00,281.6,219.34
2020-05-14 05:00:00,284.97,221.83
2020-05-15 05:00:00,286.28,223.27
2020-05-18 05:00:00,295.0,227.43
2020-05-19 05:00:00,291.97,226.86
2020-05-20 05:00:00,296.93,231.39
2020-05-21 05:00:00,294.88,228.87
2020-05-22 05:00:00,295.44,229.66
2020-05-26 05:00:00,299.08,229.04
2020-05-27 05:00:00,303.53,230.29
2020-05-28 05:00:00,302.97,229.99
2020-05-29 05:00:00,304.32,233.36
2020-06-01 05:00:00,305.55,234.06
2020-06-02 05:00:00,308.08,235.63
2020-06-03 05:00:00,312.18,236.69
2020-06-04 05:00:00,311.36,235.03
2020-06-05 05:00:00,319.34,239.69
2020-06-08 05:00:00,323.2,241.55
2020-06-09 05:00:00,320.79,243.3
2020-06-10 05:00:00,319.0,246.22
2020-06-11 05:00:00,300.61,234.02
2020-06-12 05:00:00,304.21,235.88
2020-06-15 05:00:00,307.05,238.75
2020-06-16 05:00:00,312.96,242.85
2020-06-17 05:00:00,311.66,243.62
2020-06-18 05:00:00,311.78,244.28
2020-06-19 05:00:00,308.64,244.24
2020-06-22 05:00:00,310.62,246.74
2020-06-23 05:00:00,312.05,248.84
2020-06-24 05:00:00,304.09,243.71
2020-06-25 05:00:00,307.35,246.03
2020-06-26 05:00:00,300.05,240.22
2020-06-29 05:00:00,304.46,242.84
2020-06-30 05:00:00,308.36,247.6
2020-07-01 05:00:00,310.52,250.49
2020-07-02 05:00:00,312.23,252.19
2020-07-06 05:00:00,317.05,258.39
2020-07-07 05:00:00,313.78,256.61
2020-07-08 05:00:00,316.18,259.99
2020-07-09 05:00:00,314.38,262.18
2020-07-10 05:00:00,317.59,263.97
2020-07-13 05:00:00,314.84,258.54
2020-07-14 05:00:00,318.92,260.37
2020-07-15 05:00:00,321.85,260.9
2020-07-16 05:00:00,320.79,259.12
2020-07-17 05:00:00,321.72,259.42
2020-07-20 05:00:00,324.32,266.78
2020-07-21 05:00:00,325.01,264.0
2020-07-22 05:00:00,326.86,264.93
2020-07-23 05:00:00,322.96,258.01
2020-07-24 05:00:00,320.88,255.56
2020-07-27 05:00:00,323.22,260.12
2020-07-28 05:00:00,321.17,256.81
2020-07-29 05:00:00,325.12,259.77
2020-07-30 05:00:00,323.96,261.13
2020-07-31 05:00:00,326.52,265.79
2020-08-03 05:00:00,328.79,269.38
2020-08-04 05:00:00,330.06,270.38
2020-08-05 05:00:00,332.11,271.05
2020-08-06 05:00:00,334.33,274.64
2020-08-07 05:00:00,334.57,271.47
2020-08-10 05:00:00,335.57,270.31
2020-08-11 05:00:00,332.8,265.19
2020-08-12 05:00:00,337.44,271.86
2020-08-13 05:00:00,336.83,272.48
2020-08-14 05:00:00,336.84,272.16
2020-08-17 05:00:00,337.91,275.32
2020-08-18 05:00:00,338.64,277.97
2020-08-19 05:00:00,337.23,276.1
2020-08-20 05:00:00,338.28,279.93
2020-08-21 05:00:00,339.48,281.87
2020-08-24 05:00:00,342.92,283.63
2020-08-25 05:00:00,344.12,285.86
2020-08-26 05:00:00,347.57,291.96
2020-08-27 05:00:00,348.33,291.05
2020-08-28 05:00:00,350.58,292.53
2020-08-31 05:00:00,349.31,294.88
2020-09-01 05:00:00,352.6,299.92
2020-09-02 05:00:00,357.7,302.76
2020-09-03 05:00:00,345.39,287.41
2020-09-04 05:00:00,342.57,283.58
2020-09-08 05:00:00,333.21,269.95
2020-09-09 05:00:00,339.79,277.88
2020-09-10 05:00:00,333.89,272.34
2020-09-11 05:00:00,334.06,270.45
2020-09-14 05:00:00,338.46,275.16
2020-09-15 05:00:00,340.17,279.06
2020-09-16 05:00:00,338.82,274.61
2020-09-17 05:00:00,335.84,270.32
2020-09-18 05:00:00,330.65,266.87
2020-09-21 05:00:00,326.97,267.51
2020-09-22 05:00:00,330.3,272.48
2020-09-23 05:00:00,322.64,264.16
2020-09-24 05:00:00,323.5,265.39
2020-09-25 05:00:00,328.73,271.56
2020-09-28 05:00:00,334.19,277.2
2020-09-29 05:00:00,332.37,275.95
2020-09-30 05:00:00,334.89,277.84
2020-10-01 05:00:00,337.04,282.25
2020-10-02 05:00:00,333.84,274.31
2020-10-05 05:00:00,339.76,280.16
2020-10-06 05:00:00,334.93,275.16
2020-10-07 05:00:00,340.76,279.92
2020-10-08 05:00:00,343.78,281.41
2020-10-09 05:00:00,346.85,285.71
2020-10-12 05:00:00,352.43,294.53
2020-10-13 05:00:00,350.13,294.52
2020-10-14 05:00:00,347.93,292.06
2020-10-15 05:00:00,347.5,290.1
2020-10-16 05:00:00,347.29,288.51
2020-10-19 05:00:00,342.01,283.8
2020-10-20 05:00:00,343.38,284.41
2020-10-21 05:00:00,342.73,284.19
2020-10-22 05:00:00,344.61,284.18
2020-10-23 05:00:00,345.78,284.74
2020-10-26 05:00:00,339.39,280.47
2020-10-27 05:00:00,338.22,282.66
2020-10-28 05:00:00,326.66,271.64
2020-10-29 05:00:00,329.98,276.39
2020-10-30 05:00:00,326.54,269.38
2020-11-02 06:00:00,330.2,269.98
2020-11-03 06:00:00,336.03,274.65
2020-11-04 06:00:00,343.54,286.91
2020-11-05 06:00:00,350.24,294.39
2020-11-06 06:00:00,350.16,294.61
2020-11-09 06:00:00,354.56,288.59
2020-11-10 06:00:00,354.04,283.42
2020-11-11 06:00:00,356.67,289.76
2020-11-12 06:00:00,353.21,288.4
2020-11-13 06:00:00,358.1,290.93
2020-11-16 06:00:00,362.57,293.2
2020-11-17 06:00:00,360.62,292.27
2020-11-18 06:00:00,356.28,290.11
2020-11-19 06:00:00,357.78,292.38
2020-11-20 06:00:00,355.33,290.38
2020-11-23 06:00:00,357.46,290.39
2020-11-24 06:00:00,363.22,294.47
2020-11-25 06:00:00,362.66,296.28
2020-11-27 06:00:00,363.67,299.01
2020-11-30 06:00:00,362.06,299.62
2020-12-01 06:00:00,366.02,303.46
2020-12-02 06:00:00,366.79,303.85
2020-12-03 06:00:00,366.69,304.28
2020-12-04 06:00:00,369.85,305.52
2020-12-07 06:00:00,369.09,307.25
2020-12-08 06:00:00,370.17,308.29
2020-12-09 06:00:00,366.85,301.31
2020-12-10 06:00:00,366.73,302.52
2020-12-11 06:00:00,366.3,301.85
2020-12-14 06:00:00,364.66,304.04
2020-12-15 06:00:00,369.59,307.29
2020-12-16 06:00:00,370.17,308.98
2020-12-17 06:00:00,372.24,311.0
2020-12-18 06:00:00,369.18,310.06
2020-12-21 06:00:00,367.86,308.92
2020-12-22 06:00:00,367.24,309.76
2020-12-23 06:00:00,367.57,308.2
2020-12-24 06:00:00,369.0,309.56
2020-12-28 06:00:00,372.17,312.68
2020-12-29 06:00:00,371.46,312.96
2020-12-30 06:00:00,371.99,312.97
2020-12-31 06:00:00,373.88,313.74
2021-01-04 06:00:00,368.79,309.31
2021-01-05 06:00:00,371.33,311.86
2021-01-06 06:00:00,373.55,307.54
2021-01-07 06:00:00,379.1,314.98
2021-01-08 06:00:00,381.26,319.03
2021-01-11 06:00:00,378.69,314.42
2021-01-12 06:00:00,378.77,313.92
2021-01-13 06:00:00,379.79,316.04
2021-01-14 06:00:00,378.46,314.35
2021-01-15 06:00:00,375.7,311.86
2021-01-19 06:00:00,378.65,316.41
2021-01-20 06:00:00,383.89,323.77
2021-01-21 06:00:00,384.24,326.36
2021-01-22 06:00:00,382.88,325.42
2021-01-25 06:00:00,384.39,328.11
2021-01-26 06:00:00,383.79,328.59
2021-01-27 06:00:00,374.41,319.43
2021-01-28 06:00:00,377.63,321.32
2021-01-29 06:00:00,370.07,314.56
2021-02-01 06:00:00,376.23,322.42
2021-02-02 06:00:00,381.55,327.68
2021-02-03 06:00:00,381.85,326.38
2021-02-04 06:00:00,386.19,330.24
2021-02-05 06:00:00,387.71,331.36
2021-02-08 06:00:00,390.51,333.58
2021-02-09 06:00:00,390.25,333.51
2021-02-10 06:00:00,390.08,332.75
2021-02-11 06:00:00,390.71,334.58
2021-02-12 06:00:00,392.64,336.45
2021-02-16 06:00:00,392.3,335.54
2021-02-17 06:00:00,392.39,333.93
2021-02-18 06:00:00,390.72,332.47
2021-02-19 06:00:00,390.03,331.02
2021-02-22 06:00:00,387.03,322.44
2021-02-23 06:00:00,387.5,321.48
2021-02-24 06:00:00,391.77,324.13
2021-02-25 06:00:00,382.33,312.83
2021-02-26 06:00:00,380.36,314.14
2021-03-01 06:00:00,389.58,323.59
2021-03-02 06:00:00,386.54,318.4
2021-03-03 06:00:00,381.42,309.16
2021-03-04 06:00:00,376.7,304.1
2021-03-05 06:00:00,383.63,308.68
2021-03-08 06:00:00,381.72,299.94
2021-03-09 06:00:00,387.17,311.77
2021-03-10 06:00:00,389.58,310.88
2021-03-11 06:00:00,393.53,318.04
2021-03-12 06:00:00,394.06,315.46
2021-03-15 05:00:00,396.41,318.83
2021-03-16 05:00:00,395.91,320.58
2021-03-17 05:00:00,397.26,321.9
2021-03-18 05:00:00,391.48,312.04
2021-03-19 05:00:00,389.48,313.14
2021-03-22 05:00:00,392.59,318.61
2021-03-23 05:00:00,389.5,317.22
2021-03-24 05:00:00,387.52,311.87
2021-03-25 05:00:00,389.7,311.33
2021-03-26 05:00:00,395.98,316.0
2021-03-29 05:00:00,395.78,315.91
2021-03-30 05:00:00,394.73,314.32
2021-03-31 05:00:00,396.33,319.13
2021-04-01 05:00:00,400.61,324.57
2021-04-05 05:00:00,406.36,331.05
2021-04-06 05:00:00,406.12,330.82
2021-04-07 05:00:00,406.59,331.62
2021-04-08 05:00:00,408.52,335.08
2021-04-09 05:00:00,411.49,337.11
2021-04-12 05:00:00,411.64,336.67
2021-04-13 05:00:00,412.86,340.6
2021-04-14 05:00:00,411.45,336.51
2021-04-15 05:00:00,415.87,341.61
2021-04-16 05:00:00,417.26,342.01
2021-04-19 05:00:00,415.21,338.88
2021-04-20 05:00:00,412.17,336.41
2021-04-21 05:00:00,416.07,339.29
2021-04-22 05:00:00,412.27,335.2
2021-04-23 05:00:00,416.74,339.42
2021-04-26 05:00:00,417.61,341.63
2021-04-27 05:00:00,417.52,340.15
2021-04-28 05:00:00,417.4,339.0
2021-04-29 05:00:00,420.06,340.22
2021-04-30 05:00:00,417.3,337.99
2021-05-03 05:00:00,418.2,336.19
2021-05-04 05:00:00,415.62,330.14
2021-05-05 05:00:00,415.75,329.03
2021-05-06 05:00:00,419.07,331.51
2021-05-07 05:00:00,422.12,334.2
2021-05-10 05:00:00,417.94,325.76
2021-05-11 05:00:00,414.21,325.31
2021-05-12 05:00:00,405.41,316.89
2021-05-13 05:00:00,410.28,319.34
2021-05-14 05:00:00,416.58,326.39
2021-05-17 05:00:00,415.52,324.41
2021-05-18 05:00:00,411.94,322.22
2021-05-19 05:00:00,410.86,322.59
2021-05-20 05:00:00,415.28,328.83
2021-05-21 05:00:00,414.94,327.01
2021-05-24 05:00:00,419.17,332.51
2021-05-25 05:00:00,418.24,332.97
2021-05-26 05:00:00,419.07,334.13
2021-05-27 05:00:00,419.29,332.88
2021-05-28 05:00:00,420.04,333.93
2021-06-01 05:00:00,419.67,332.82
2021-06-02 05:00:00,420.33,333.47
2021-06-03 05:00:00,418.77,330.0
2021-06-04 05:00:00,422.6,335.6
2021-06-07 05:00:00,422.19,336.6
2021-06-08 05:00:00,422.28,336.76
2021-06-09 05:00:00,421.65,336.84
2021-06-10 05:00:00,423.61,340.35
2021-06-11 05:00:00,424.31,341.24
2021-06-14 05:00:00,425.26,344.51
2021-06-15 05:00:00,424.48,342.26
2021-06-16 05:00:00,422.11,341.01
2021-06-17 05:00:00,421.97,345.34
2021-06-18 05:00:00,414.92,342.63
2021-06-21 05:00:00,420.86,344.36
2021-06-22 05:00:00,423.11,347.57
2021-06-23 05:00:00,422.6,347.74
2021-06-24 05:00:00,425.1,349.89
2021-06-25 05:00:00,426.61,349.46
2021-06-28 05:00:00,427.47,353.71
2021-06-29 05:00:00,427.7,354.99
2021-06-30 05:00:00,428.06,354.43
2021-07-01 05:00:00,430.43,354.57
2021-07-02 05:00:00,433.72,358.64
2021-07-06 05:00:00,432.93,360.19
2021-07-07 05:00:00,434.46,360.95
2021-07-08 05:00:00,430.92,358.77
2021-07-09 05:00:00,435.52,361.01
2021-07-12 05:00:00,437.08,362.42
2021-07-13 05:00:00,435.59,362.42
2021-07-14 05:00:00,436.24,363.07
2021-07-15 05:00:00,434.75,360.52
2021-07-16 05:00:00,431.34,357.6
2021-07-19 05:00:00,424.97,354.67
2021-07-20 05:00:00,431.06,358.79
2021-07-21 05:00:00,434.55,361.56
2021-07-22 05:00:00,435.46,363.95
2021-07-23 05:00:00,439.94,368.2
2021-07-26 05:00:00,441.02,368.49
2021-07-27 05:00:00,439.01,364.43
2021-07-28 05:00:00,438.83,365.83
2021-07-29 05:00:00,440.65,366.48
2021-07-30 05:00:00,438.51,364.57
2021-08-02 05:00:00,437.59,364.6
2021-08-03 05:00:00,441.15,366.81
2021-08-04 05:00:00,438.98,367.34
2021-08-05 05:00:00,441.76,369.67
2021-08-06 05:00:00,442.49,368.05
2021-08-09 05:00:00,442.13,368.73
2021-08-10 05:00:00,442.68,366.84
2021-08-11 05:00:00,443.78,366.21
2021-08-12 05:00:00,445.11,367.53
2021-08-13 05:00:00,445.92,368.82
2021-08-16 05:00:00,446.97,368.98
2021-08-17 05:00:00,444.04,365.73
2021-08-18 05:00:00,439.18,362.21
2021-08-19 05:00:00,439.86,363.96
2021-08-20 05:00:00,443.36,367.73
2021-08-23 05:00:00,447.26,373.23
2021-08-24 05:00:00,447.97,374.37
2021-08-25 05:00:00,448.91,374.8
2021-08-26 05:00:00,446.26,372.42
2021-08-27 05:00:00,450.25,376.04
2021-08-30 05:00:00,452.23,380.26
2021-08-31 05:00:00,451.56,379.95
2021-09-01 05:00:00,451.8,380.58
2021-09-02 05:00:00,453.19,380.4
2021-09-03 05:00:00,453.08,381.57
2021-09-07 05:00:00,451.46,382.11
2021-09-08 05:00:00,450.91,380.78
2021-09-09 05:00:00,448.98,379.47
2021-09-10 05:00:00,445.44,376.59
2021-09-13 05:00:00,446.58,376.33
2021-09-14 05:00:00,444.17,375.26
2021-09-15 05:00:00,447.88,378.05
2021-09-16 05:00:00,447.17,378.31
2021-09-17 05:00:00,441.4,373.83
2021-09-20 05:00:00,434.04,365.7
2021-09-21 05:00:00,433.63,366.15
2021-09-22 05:00:00,437.86,369.57
2021-09-23 05:00:00,443.18,372.98
2021-09-24 05:00:00,443.91,373.33
2021-09-27 05:00:00,442.64,370.35
2021-09-28 05:00:00,433.72,359.87
2021-09-29 05:00:00,434.45,359.28
2021-09-30 05:00:00,429.14,357.96
2021-10-01 05:00:00,434.24,360.18
2021-10-04 05:00:00,428.64,352.62
2021-10-05 05:00:00,433.1,357.38
2021-10-06 05:00:00,434.9,359.67
2021-10-07 05:00:00,438.66,362.97
2021-10-08 05:00:00,437.86,361.16
2021-10-11 05:00:00,434.69,358.39
2021-10-12 05:00:00,433.62,357.14
2021-10-13 05:00:00,435.18,360.0
2021-10-14 05:00:00,442.5,366.63
2021-10-15 05:00:00,445.87,368.94
2021-10-18 05:00:00,447.19,372.65
2021-10-19 05:00:00,450.64,375.47
2021-10-20 05:00:00,452.41,374.98
2021-10-21 05:00:00,453.59,377.27
2021-10-22 05:00:00,453.12,374.1
2021-10-25 05:00:00,455.55,377.93
2021-10-26 05:00:00,455.96,379.12
2021-10-27 05:00:00,453.94,380.0
2021-10-28 05:00:00,458.32,384.22
2021-10-29 05:00:00,459.25,386.11
2021-11-01 05:00:00,460.04,387.43
2021-11-02 05:00:00,461.9,389.05
2021-11-03 05:00:00,464.72,393.18
2021-11-04 05:00:00,466.91,398.22
2021-11-05 05:00:00,468.53,398.6
2021-11-08 06:00:00,468.93,398.06
2021-11-09 06:00:00,467.38,395.32
2021-11-10 06:00:00,463.62,389.51
2021-11-11 06:00:00,463.77,390.59
2021-11-12 06:00:00,467.27,394.7
2021-11-15 06:00:00,467.43,394.61
2021-11-16 06:00:00,469.28,397.42
2021-11-17 06:00:00,468.14,397.63
2021-11-18 06:00:00,469.73,401.75
2021-11-19 06:00:00,468.89,403.99
2021-11-22 06:00:00,467.57,399.3
2021-11-23 06:00:00,468.19,397.48
2021-11-24 06:00:00,469.44,398.76
2021-11-26 06:00:00,458.97,391.2
2021-11-29 06:00:00,464.6,399.69
2021-11-30 06:00:00,455.56,393.82
2021-12-01 06:00:00,450.5,387.12
2021-12-02 06:00:00,457.4,389.91
2021-12-03 06:00:00,453.42,383.13
2021-12-06 06:00:00,458.79,386.2
2021-12-07 06:00:00,468.28,397.83
2021-12-08 06:00:00,469.52,399.61
2021-12-09 06:00:00,466.35,393.73
2021-12-10 06:00:00,470.74,398.01
2021-12-13 06:00:00,466.57,392.26
2021-12-14 06:00:00,463.36,388.2
2021-12-15 06:00:00,470.6,397.05
2021-12-16 06:00:00,466.45,386.84
2021-12-17 06:00:00,459.87,384.91
2021-12-20 06:00:00,454.98,380.69
2021-12-21 06:00:00,463.06,389.21
2021-12-22 06:00:00,467.69,393.95
2021-12-23 06:00:00,470.6,396.92
2021-12-27 06:00:00,477.26,403.48
2021-12-28 06:00:00,476.87,401.61
2021-12-29 06:00:00,477.48,401.55
2021-12-30 06:00:00,476.16,400.35
2021-12-31 06:00:00,474.96,397.85
2022-01-03 06:00:00,477.71,401.68
2022-01-04 06:00:00,477.55,396.47
2022-01-05 06:00:00,468.38,384.29
2022-01-06 06:00:00,467.94,384.02
2022-01-07 06:00:00,466.09,379.86
2022-01-10 06:00:00,465.51,380.11
2022-01-11 06:00:00,469.75,385.82
2022-01-12 06:00:00,471.02,387.35
2022-01-13 06:00:00,464.53,377.66
2022-01-14 06:00:00,464.72,380.01
2022-01-18 06:00:00,456.49,370.55
2022-01-19 06:00:00,451.75,366.48
2022-01-20 06:00:00,446.75,361.72
2022-01-21 06:00:00,437.98,351.69
2022-01-24 06:00:00,439.84,353.3
2022-01-25 06:00:00,434.47,345.11
2022-01-26 06:00:00,433.38,344.57
2022-01-27 06:00:00,431.24,341.1
2022-01-28 06:00:00,441.95,351.8
2022-01-31 06:00:00,449.91,363.05
2022-02-01 06:00:00,452.95,365.52
2022-02-02 06:00:00,457.35,368.49
2022-02-03 06:00:00,446.6,353.55
2022-02-04 06:00:00,448.7,358.01
2022-02-07 06:00:00,447.26,355.13
2022-02-08 06:00:00,450.94,359.12
2022-02-09 06:00:00,457.54,366.73
2022-02-10 06:00:00,449.32,358.43
2022-02-11 06:00:00,440.46,347.06
2022-02-14 06:00:00,439.02,347.49
2022-02-15 06:00:00,446.1,356.13
2022-02-16 06:00:00,446.6,356.04
2022-02-17 06:00:00,437.06,345.45
2022-02-18 06:00:00,434.23,341.51
2022-02-22 06:00:00,429.57,338.08
2022-02-23 06:00:00,421.95,329.42
2022-02-24 06:00:00,428.3,340.49
2022-02-25 06:00:00,437.75,345.77
2022-02-28 06:00:00,436.63,346.8
2022-03-01 06:00:00,429.98,341.49
2022-03-02 06:00:00,437.89,347.22
2022-03-03 06:00:00,435.71,342.26
2022-03-04 06:00:00,432.17,337.3
2022-03-07 06:00:00,419.43,324.86
2022-03-08 06:00:00,416.25,323.35
2022-03-09 06:00:00,427.41,334.99
2022-03-10 06:00:00,425.48,331.27
2022-03-11 06:00:00,420.07,324.4
2022-03-14 05:00:00,417.0,318.17
2022-03-15 05:00:00,426.17,328.15
2022-03-16 05:00:00,435.62,340.32
2022-03-17 05:00:00,441.07,344.44
2022-03-18 05:00:00,444.52,351.49
2022-03-21 05:00:00,444.39,350.08
2022-03-22 05:00:00,449.59,356.96
2022-03-23 05:00:00,443.8,351.83
2022-03-24 05:00:00,450.49,359.65
2022-03-25 05:00:00,452.69,359.35
2022-03-28 05:00:00,455.91,364.91
2022-03-29 05:00:00,461.55,371.19
2022-03-30 05:00:00,458.7,367.09
2022-03-31 05:00:00,451.64,362.54
2022-04-01 05:00:00,452.92,361.85
2022-04-04 05:00:00,456.8,369.3
2022-04-05 05:00:00,451.03,361.1
2022-04-06 05:00:00,446.52,353.26
2022-04-07 05:00:00,448.77,354.1
2022-04-08 05:00:00,447.57,349.15
2022-04-11 05:00:00,439.92,340.89
2022-04-12 05:00:00,438.29,339.45
2022-04-13 05:00:00,443.31,346.35
2022-04-14 05:00:00,437.79,338.43
2022-04-18 05:00:00,437.97,338.69
2022-04-19 05:00:00,445.04,346.26
2022-04-20 05:00:00,444.71,341.21
2022-04-21 05:00:00,438.06,334.15
2022-04-22 05:00:00,426.04,325.4
2022-04-25 05:00:00,428.51,329.58
2022-04-26 05:00:00,416.1,317.14
2022-04-27 05:00:00,417.27,316.76
2022-04-28 05:00:00,427.81,328.01
2022-04-29 05:00:00,412.0,313.25
2022-05-02 05:00:00,414.48,318.48
2022-05-03 05:00:00,416.38,318.82
2022-05-04 05:00:00,429.06,329.6
2022-05-05 05:00:00,413.81,313.0
2022-05-06 05:00:00,411.34,309.25
2022-05-09 05:00:00,398.17,297.15
2022-05-10 05:00:00,399.09,300.76
2022-05-11 05:00:00,392.75,291.84
2022-05-12 05:00:00,392.34,291.15
2022-05-13 05:00:00,401.72,301.94
2022-05-16 05:00:00,400.09,298.44
2022-05-17 05:00:00,408.32,306.17
2022-05-18 05:00:00,391.86,291.14
2022-05-19 05:00:00,389.46,289.58
2022-05-20 05:00:00,389.63,288.68
2022-05-23 05:00:00,396.92,293.48
2022-05-24 05:00:00,393.89,287.24
2022-05-25 05:00:00,397.37,291.26
2022-05-26 05:00:00,405.31,299.33
2022-05-27 05:00:00,415.26,309.1
2022-05-31 05:00:00,412.93,308.28
2022-06-01 05:00:00,409.59,306.0
2022-06-02 05:00:00,417.39,314.38
2022-06-03 05:00:00,410.54,306.2
2022-06-06 05:00:00,411.79,307.22
2022-06-07 05:00:00,415.74,309.87
2022-06-08 05:00:00,411.22,307.64
2022-06-09 05:00:00,401.44,299.4
2022-06-10 05:00:00,389.8,288.84
2022-06-13 05:00:00,375.0,275.41
2022-06-14 05:00:00,373.87,275.91
2022-06-15 05:00:00,379.2,282.8
2022-06-16 05:00:00,366.65,271.39
2022-06-17 05:00:00,365.86,274.69
2022-06-21 05:00:00,375.07,281.08
2022-06-22 05:00:00,374.39,280.67
2022-06-23 05:00:00,378.06,284.85
2022-06-24 05:00:00,390.08,294.61
2022-06-27 05:00:00,388.59,292.45
2022-06-28 05:00:00,380.65,283.54
2022-06-29 05:00:00,380.34,283.8
2022-06-30 05:00:00,377.25,280.28
2022-07-01 05:00:00,381.24,282.13
2022-07-05 05:00:00,381.96,286.96
2022-07-06 05:00:00,383.25,288.8
2022-07-07 05:00:00,388.99,294.98
2022-07-08 05:00:00,388.67,295.35
2022-07-11 05:00:00,384.23,289.04
2022-07-12 05:00:00,380.83,286.24
2022-07-13 05:00:00,378.83,285.65
2022-07-14 05:00:00,377.91,286.67
2022-07-15 05:00:00,385.13,291.87
2022-07-18 05:00:00,381.95,289.4
2022-07-19 05:00:00,392.27,298.3
2022-07-20 05:00:00,394.77,303.03
2022-07-21 05:00:00,398.79,307.38
2022-07-22 05:00:00,395.09,301.99
2022-07-25 05:00:00,395.57,300.27
2022-07-26 05:00:00,390.89,294.37
2022-07-27 05:00:00,401.04,306.81
2022-07-28 05:00:00,406.07,309.81
2022-07-29 05:00:00,411.99,315.46
2022-08-01 05:00:00,410.77,315.27
2022-08-02 05:00:00,408.06,314.33
2022-08-03 05:00:00,414.45,322.89
2022-08-04 05:00:00,414.17,324.4
2022-08-05 05:00:00,413.47,321.75
2022-08-08 05:00:00,412.99,320.71
2022-08-09 05:00:00,411.35,317.08
2022-08-10 05:00:00,419.99,325.93
2022-08-11 05:00:00,419.99,324.08
2022-08-12 05:00:00,427.1,330.39
2022-08-15 05:00:00,428.86,333.06
2022-08-16 05:00:00,429.7,332.28
2022-08-17 05:00:00,426.65,328.49
2022-08-18 05:00:00,427.89,329.28
2022-08-19 05:00:00,422.14,322.86
2022-08-22 05:00:00,413.35,314.36
2022-08-23 05:00:00,412.35,314.1
2022-08-24 05:00:00,413.67,315.01
2022-08-25 05:00:00,419.51,320.58
2022-08-26 05:00:00,405.31,307.44
2022-08-29 05:00:00,402.63,304.41
2022-08-30 05:00:00,398.21,301.02
2022-08-31 05:00:00,395.18,299.27
2022-09-01 05:00:00,396.42,299.4
2022-09-02 05:00:00,392.24,295.17
2022-09-06 05:00:00,390.76,293.05
2022-09-07 05:00:00,397.78,298.97
2022-09-08 05:00:00,400.38,300.52
2022-09-09 05:00:00,406.6,307.09
2022-09-12 05:00:00,410.97,310.74
2022-09-13 05:00:00,393.1,293.7
2022-09-14 05:00:00,394.6,296.03
2022-09-15 05:00:00,390.12,291.1
2022-09-16 05:00:00,385.56,289.32
2022-09-19 05:00:00,388.55,291.05
2022-09-20 05:00:00,384.09,288.73
2022-09-21 05:00:00,377.39,283.56
2022-09-22 05:00:00,374.22,280.07
2022-09-23 05:00:00,367.95,275.51
2022-09-26 05:00:00,364.31,274.37
2022-09-27 05:00:00,363.38,274.48
2022-09-28 05:00:00,370.53,279.94
2022-09-29 05:00:00,362.79,271.87
2022-09-30 05:00:00,357.18,267.26
2022-10-03 05:00:00,366.61,273.53
2022-10-04 05:00:00,377.97,282.13
2022-10-05 05:00:00,377.09,281.98
2022-10-06 05:00:00,373.2,279.76
2022-10-07 05:00:00,362.79,269.1
2022-10-10 05:00:00,360.02,266.41
2022-10-11 05:00:00,357.74,262.75
2022-10-12 05:00:00,356.56,262.66
2022-10-13 05:00:00,365.97,268.82
2022-10-14 05:00:00,357.63,260.74
2022-10-17 05:00:00,366.82,269.35
2022-10-18 05:00:00,371.13,271.48
2022-10-19 05:00:00,368.5,270.49
2022-10-20 05:00:00,365.41,269.11
2022-10-21 05:00:00,374.29,275.42
2022-10-24 05:00:00,378.87,278.45
2022-10-25 05:00:00,384.92,284.21
2022-10-26 05:00:00,382.02,277.93
2022-10-27 05:00:00,379.98,272.87
2022-10-28 05:00:00,389.02,281.22
2022-10-31 05:00:00,386.21,277.95
2022-11-01 05:00:00,384.52,275.11
2022-11-02 05:00:00,374.87,265.68
2022-11-03 05:00:00,371.01,260.49
2022-11-04 05:00:00,376.35,264.68
2022-11-07 06:00:00,379.95,267.59
2022-11-08 06:00:00,382.0,269.54
2022-11-09 06:00:00,374.13,263.32
2022-11-10 06:00:00,394.69,282.75
2022-11-11 06:00:00,398.51,287.96
2022-11-14 06:00:00,395.12,285.44
2022-11-15 06:00:00,398.49,289.39
2022-11-16 06:00:00,395.45,285.44
2022-11-17 06:00:00,394.24,284.81
2022-11-18 06:00:00,396.03,284.82
2022-11-21 06:00:00,394.59,281.89
2022-11-22 06:00:00,399.9,285.95
2022-11-23 06:00:00,402.42,288.82
2022-11-25 06:00:00,402.33,286.92
2022-11-28 06:00:00,395.91,282.71
2022-11-29 06:00:00,395.23,280.57
2022-11-30 06:00:00,407.68,293.36
2022-12-01 06:00:00,407.38,293.72
2022-12-02 06:00:00,406.91,292.55
2022-12-05 06:00:00,399.59,287.64
2022-12-06 06:00:00,393.83,281.68
2022-12-07 06:00:00,393.16,280.53
2022-12-08 06:00:00,396.24,283.85
2022-12-09 06:00:00,393.28,282.04
2022-12-12 06:00:00,398.95,285.58
2022-12-13 06:00:00,401.97,288.65
2022-12-14 06:00:00,399.4,286.51
2022-12-15 06:00:00,389.63,276.89
2022-12-16 06:00:00,383.27,274.25
2022-12-19 06:00:00,380.02,269.75
2022-12-20 06:00:00,380.54,269.54
2022-12-21 06:00:00,386.23,273.45
2022-12-22 06:00:00,380.72,266.76
2022-12-23 06:00:00,382.91,267.36
2022-12-27 06:00:00,381.4,263.58
2022-12-28 06:00:00,376.66,260.1
2022-12-29 06:00:00,383.44,266.44
2022-12-30 06:00:00,382.43,266.28
2023-01-03 06:00:00,380.82,264.48
2023-01-04 06:00:00,383.76,265.74
2023-01-05 06:00:00,379.38,261.58
2023-01-06 06:00:00,388.08,268.8
2023-01-09 06:00:00,387.86,270.54
2023-01-10 06:00:00,390.58,272.83
2023-01-11 06:00:00,395.52,277.55
2023-01-12 06:00:00,396.96,279.05
2023-01-13 06:00:00,398.5,280.97
2023-01-17 06:00:00,397.77,281.54
2023-01-18 06:00:00,391.49,277.88
2023-01-19 06:00:00,388.64,275.15
2023-01-20 06:00:00,395.88,282.68
2023-01-23 06:00:00,400.63,288.96
2023-01-24 06:00:00,400.2,288.37
2023-01-25 06:00:00,400.35,287.73
2023-01-26 06:00:00,404.75,293.34
2023-01-27 06:00:00,405.68,296.26
2023-01-30 06:00:00,400.59,290.27
2023-01-31 06:00:00,406.48,294.62
2023-02-01 06:00:00,410.8,300.92
2023-02-02 06:00:00,416.78,311.72
2023-02-03 06:00:00,412.35,306.18
2023-02-06 06:00:00,409.83,303.59
2023-02-07 06:00:00,415.19,309.88
2023-02-08 06:00:00,410.65,304.37
2023-02-09 06:00:00,407.09,301.68
2023-02-10 06:00:00,408.04,299.7
2023-02-13 06:00:00,412.83,304.5
2023-02-14 06:00:00,412.64,306.75
2023-02-15 06:00:00,413.98,309.1
2023-02-16 06:00:00,408.28,303.3
2023-02-17 06:00:00,407.26,301.16
2023-02-21 06:00:00,399.09,294.03
2023-02-22 06:00:00,398.54,294.25
2023-02-23 06:00:00,400.66,296.82
2023-02-24 06:00:00,396.38,291.85
2023-02-27 06:00:00,397.73,293.94
2023-02-28 06:00:00,396.26,293.56
2023-03-01 06:00:00,394.74,291.2
2023-03-02 06:00:00,397.81,293.61
2023-03-03 06:00:00,404.19,299.68
2023-03-06 06:00:00,404.47,300.02
2023-03-07 06:00:00,398.27,296.34
2023-03-08 06:00:00,398.92,297.82
2023-03-09 06:00:00,391.56,292.66
2023-03-10 06:00:00,385.91,288.55
2023-03-13 05:00:00,385.36,290.69
2023-03-14 05:00:00,391.73,297.37
2023-03-15 05:00:00,389.28,298.93
2023-03-16 05:00:00,396.11,306.81
2023-03-17 05:00:00,389.99,305.36
2023-03-20 05:00:00,393.74,305.97
2023-03-21 05:00:00,398.91,310.34
2023-03-22 05:00:00,392.11,306.12
2023-03-23 05:00:00,393.17,309.75
2023-03-24 05:00:00,395.75,310.89
2023-03-27 05:00:00,396.49,308.76
2023-03-28 05:00:00,395.6,307.12
2023-03-29 05:00:00,401.35,312.72
2023-03-30 05:00:00,403.7,315.68
2023-03-31 05:00:00,409.39,320.93
2023-04-03 05:00:00,410.95,320.15
2023-04-04 05:00:00,408.67,319.07
2023-04-05 05:00:00,407.6,315.92
2023-04-06 05:00:00,409.19,318.05
2023-04-10 05:00:00,409.61,317.87
2023-04-11 05:00:00,409.72,315.83
2023-04-12 05:00:00,408.05,313.04
2023-04-13 05:00:00,413.47,319.17
2023-04-14 05:00:00,412.46,318.57
2023-04-17 05:00:00,413.94,318.84
2023-04-18 05:00:00,414.21,318.86
2023-04-19 05:00:00,414.14,318.71
2023-04-20 05:00:00,411.88,316.28
2023-04-21 05:00:00,412.2,316.61
2023-04-24 05:00:00,412.63,315.95
2023-04-25 05:00:00,406.08,309.99
2023-04-26 05:00:00,404.36,311.87
2023-04-27 05:00:00,412.41,320.35
2023-04-28 05:00:00,415.93,322.56
2023-05-01 05:00:00,415.51,322.19
2023-05-02 05:00:00,410.84,319.38
2023-05-03 05:00:00,408.02,317.29
2023-05-04 05:00:00,405.13,316.17
2023-05-05 05:00:00,412.63,322.89
2023-05-08 05:00:00,412.74,323.69
2023-05-09 05:00:00,410.93,321.64
2023-05-10 05:00:00,412.85,325.14
2023-05-11 05:00:00,412.13,326.2
2023-05-12 05:00:00,411.59,325.03
2023-05-15 05:00:00,413.01,326.79
2023-05-16 05:00:00,410.25,327.16
2023-05-17 05:00:00,415.23,331.12
2023-05-18 05:00:00,419.23,337.27
2023-05-19 05:00:00,418.62,336.51
2023-05-22 05:00:00,418.79,337.64
2023-05-23 05:00:00,414.09,333.36
2023-05-24 05:00:00,411.09,331.65
2023-05-25 05:00:00,414.65,339.72
2023-05-26 05:00:00,420.02,348.4
2023-05-30 05:00:00,420.18,349.98
2023-05-31 05:00:00,417.85,347.99
2023-06-01 05:00:00,421.82,352.01
2023-06-02 05:00:00,427.92,354.65
2023-06-05 05:00:00,427.1,354.9
2023-06-06 05:00:00,428.03,354.84
2023-06-07 05:00:00,426.55,348.82
2023-06-08 05:00:00,429.13,353.15
2023-06-09 05:00:00,429.9,354.5
2023-06-12 05:00:00,433.8,360.49
2023-06-13 05:00:00,436.66,363.26
2023-06-14 05:00:00,437.18,365.9
2023-06-15 05:00:00,442.6,370.26
2023-06-16 05:00:00,439.46,367.93
2023-06-20 05:00:00,437.18,366.9
2023-06-21 05:00:00,434.94,361.9
2023-06-22 05:00:00,436.51,366.17
2023-06-23 05:00:00,433.21,362.54
2023-06-26 05:00:00,431.44,357.68
2023-06-27 05:00:00,436.17,363.83
2023-06-28 05:00:00,436.39,364.54
2023-06-29 05:00:00,438.11,363.81
2023-06-30 05:00:00,443.28,369.42
2023-07-03 05:00:00,443.79,370.29
2023-07-05 05:00:00,443.13,370.28
2023-07-06 05:00:00,439.66,367.46
2023-07-07 05:00:00,438.55,366.24
2023-07-10 05:00:00,439.66,366.36
2023-07-11 05:00:00,442.46,368.17
2023-07-12 05:00:00,446.02,372.82
2023-07-13 05:00:00,449.56,379.15
2023-07-14 05:00:00,449.28,379.07
2023-07-17 05:00:00,450.84,382.61
2023-07-18 05:00:00,454.19,385.74
2023-07-19 05:00:00,455.2,385.65
2023-07-20 05:00:00,452.18,376.76
2023-07-21 05:00:00,452.18,375.63
2023-07-24 05:00:00,454.2,376.23
2023-07-25 05:00:00,455.44,378.78
2023-07-26 05:00:00,455.51,377.52
2023-07-27 05:00:00,452.49,376.62
2023-07-28 05:00:00,456.92,383.48
2023-07-31 05:00:00,457.79,383.68
2023-08-01 05:00:00,456.48,382.79
2023-08-02 05:00:00,450.13,374.39
2023-08-03 05:00:00,448.84,373.79
2023-08-04 05:00:00,446.81,372.04
2023-08-07 05:00:00,450.71,375.19
2023-08-08 05:00:00,448.75,372.0
2023-08-09 05:00:00,445.75,367.91
2023-08-10 05:00:00,445.91,368.59
2023-08-11 05:00:00,445.65,366.24
2023-08-14 05:00:00,448.11,370.35
2023-08-15 05:00:00,442.89,366.42
2023-08-16 05:00:00,439.64,362.54
2023-08-17 05:00:00,436.29,358.58
2023-08-18 05:00:00,436.5,358.13
2023-08-21 05:00:00,439.34,363.9
2023-08-22 05:00:00,438.15,363.38
2023-08-23 05:00:00,443.03,369.11
2023-08-24 05:00:00,436.89,361.22
2023-08-25 05:00:00,439.97,364.02
2023-08-28 05:00:00,442.76,366.76
2023-08-29 05:00:00,449.16,374.77
2023-08-30 05:00:00,451.01,376.86
2023-08-31 05:00:00,450.35,377.99
2023-09-01 05:00:00,451.19,377.59
2023-09-05 05:00:00,449.24,378.07
2023-09-06 05:00:00,446.22,374.74
2023-09-07 05:00:00,444.85,372.06
2023-09-08 05:00:00,445.52,372.58
2023-09-11 05:00:00,448.45,376.97
2023-09-12 05:00:00,445.99,372.79
2023-09-13 05:00:00,446.51,374.21
2023-09-14 05:00:00,450.36,377.27
2023-09-15 05:00:00,443.37,370.81
2023-09-18 05:00:00,443.63,370.66
2023-09-19 05:00:00,442.71,369.87
2023-09-20 05:00:00,438.64,364.54
2023-09-21 05:00:00,431.39,357.86
2023-09-22 05:00:00,430.42,357.91
2023-09-25 05:00:00,432.23,359.61
2023-09-26 05:00:00,425.88,354.21
2023-09-27 05:00:00,426.05,355.04
2023-09-28 05:00:00,428.52,358.01
2023-09-29 05:00:00,427.48,358.27
2023-10-02 05:00:00,427.31,361.26
2023-10-03 05:00:00,421.59,354.92
2023-10-04 05:00:00,424.66,359.75
2023-10-05 05:00:00,424.5,358.69
2023-10-06 05:00:00,429.54,364.7
2023-10-09 05:00:00,432.29,366.56
2023-10-10 05:00:00,434.54,368.59
2023-10-11 05:00:00,436.32,371.22
2023-10-12 05:00:00,433.66,369.93
2023-10-13 05:00:00,431.5,365.28
2023-10-16 05:00:00,436.04,369.41
2023-10-17 05:00:00,436.02,368.2
2023-10-18 05:00:00,430.21,363.37
2023-10-19 05:00:00,426.43,359.97
2023-10-20 05:00:00,421.19,354.6
2023-10-23 05:00:00,420.46,355.67
2023-10-24 05:00:00,423.63,359.13
2023-10-25 05:00:00,417.55,350.34
2023-10-26 05:00:00,412.55,343.66
2023-10-27 05:00:00,410.68,345.31
2023-10-30 05:00:00,415.59,349.2
2023-10-31 05:00:00,418.2,350.87
2023-11-01 05:00:00,422.66,356.96
2023-11-02 05:00:00,430.76,363.44
2023-11-03 05:00:00,434.69,367.71
2023-11-06 06:00:00,435.69,369.21
2023-11-07 06:00:00,436.93,372.7
2023-11-08 06:00:00,437.25,372.94
2023-11-09 06:00:00,433.84,370.07
2023-11-10 06:00:00,440.61,378.39
2023-11-13 06:00:00,440.19,377.21
2023-11-14 06:00:00,448.73,385.33
2023-11-15 06:00:00,449.68,385.62
2023-11-16 06:00:00,450.23,385.95
2023-11-17 06:00:00,450.79,386.04
2023-11-20 06:00:00,454.26,390.74
2023-11-21 06:00:00,453.27,388.47
2023-11-22 06:00:00,455.02,390.06
2023-11-24 06:00:00,455.3,389.51
2023-11-27 06:00:00,454.48,389.17
2023-11-28 06:00:00,454.93,390.19
2023-11-29 06:00:00,454.61,389.81
2023-11-30 06:00:00,456.4,388.83
2023-12-01 06:00:00,459.1,389.94
2023-12-04 06:00:00,456.69,386.32
2023-12-05 06:00:00,456.6,387.29
2023-12-06 06:00:00,454.76,385.05
2023-12-07 06:00:00,458.23,390.43
2023-12-08 06:00:00,460.2,392.17
2023-12-11 06:00:00,461.99,395.52
2023-12-12 06:00:00,464.1,398.67
2023-12-13 06:00:00,470.5,403.74
2023-12-14 06:00:00,472.01,403.39
2023-12-15 06:00:00,469.33,405.34
2023-12-18 06:00:00,471.97,407.08
2023-12-19 06:00:00,474.84,409.16
2023-12-20 06:00:00,468.26,403.08
2023-12-21 06:00:00,472.7,407.77
2023-12-22 06:00:00,473.65,408.38
2023-12-26 06:00:00,475.65,410.88
2023-12-27 06:00:00,476.51,411.5
2023-12-28 06:00:00,476.69,411.3
2023-12-29 06:00:00,475.31,409.52
